downloaded at,2026/03/01,初期値(web用),web用,,,,,,,,,,
Parameter name,Datatype,Default,Description,description(original),description(tutorial),description(template),description(README),namelist or section name,execution filename(.x),number for display order,order in souce code,initialization line,備考
natoms,``integer``,uninitialized(maybe 0)?,Number of atoms.,Total number of electrons in the system.,The number of atoms contained in the system (INTEGER).,natoms=4 ! Number of atoms in the unit cell,! number of atoms,system,makefort10.x,makefort10_02,makefort10_01,None,
posunits,``character(len=10) :: posunits``,"``""bohr""``","Unit used when specifying molecular structures, crystal structures, and lattice constants. Choose from bohr, crystal, or angstrom.",units for atomic positions (bohr| angstrom | crystal),Unit used in the calculation (STRING). bohr and crystal are implemented.,"posunits=""crystal""   ! units for atomic positions (bohr| amstrong | crystal)",! units for atomic positions (bohr| amstrong | crystal),system,makefort10.x,makefort10_01,makefort10_02,makefort10.f90:2175,
nxyz,``integer :: nxyz(3)``,``nxyz(:) = 1``,"Supercell size. You can independently specify integer values for nxyz(1), nxyz(2), and nxyz(3). Supercell extensions that deform the unit cell are not supported.",repetition of the cell in the three direction. Use this option for exploiting translational symmetries.,None,nxyz(1)=1    ! repetition of the cell in the three direction,! repetition of the cell in the three direction,system,makefort10.x,makefort10_09,makefort10_03,makefort10.f90:2177,
celldm,``real(8) :: celldm(6)``,".. code-block:: fortran

    celldm(1) = -1.d0
    celldm(2) = 1.d0
    celldm(3) = 1.d0
    celldm(4:6) = Pi/2.d0
",celldm. Specifies the lattice-vector lengths and inter-vector angles when defining a crystal structure. Follows the same convention as Quantum ESPRESSO.,they specify lattice vectors following Quantum Espresso's convention.,None,celldm(1) =   1.0   ! cell paramters as in PWSCF,! cell paramters as in PWSCF,system,makefort10.x,makefort10_07,makefort10_04,makefort10.f90:2162 -- 2165,
at,"``real(8) :: at(3, 3)``",``at = 0.0``,Not used.,None,None,None,".. code-block:: text

    ! lattice vector for non-orthorombic cells cannot
    ! be used together with celldm
    at(:,3)
",system,makefort10.x,,makefort10_05,makefort10.f90:2169,
phase,``double precision :: phase(3)``,``phase(:) = 0.d0``,"Specifies the phase (k-vector) attached to spin-up electrons. The unit is the reciprocal lattice vector; i.e., the Brillouin-zone boundary corresponds to 0.5. Independent values can be set for the x, y, and z directions via phase(1), phase(2), and phase(3).",phase factors for up electrons,None,phase(1)=0.5     ! phase for APBC can be only 0 or 0.5,! phase for APBC can be only 0 or 0.5,system,makefort10.x,makefort10_10,makefort10_06,makefort10.f90:2175,
phasedo,``double precision :: phasedo(3)``,``phasedo(:) = 0.d0``,"Specifies the phase (k-vector) attached to spin-down electrons. The unit is the reciprocal lattice vector; i.e., the Brillouin-zone boundary corresponds to 0.5. Independent values can be set for the x, y, and z directions via phase(1), phase(2), and phase(3).",phase factors for down electrons,None,None,None,system,makefort10.x,makefort10_11,makefort10_07,"makefort10.f90:2176, 2270 -- 2273, 2275 -- 2283, 2563 -- 2566",
pbcfort10,``logical``,``.true.``,Whether periodic boundary conditions are applied to the wave function.,it generates a fort.10 for PBC if it is .true.,periodic boundary condition (BOOLEN).,if .true. PBC ; if .false. open boundary,".. code-block:: text

    ! it generates a fort.10 for PBC if it is .true.
    ! if it is .false. generates a fort.10 for open boundary
    ! default .true.
",system,makefort10.x,makefort10_05,makefort10_08,makefort10.f90:2179,
complexfort10,``logical``,complexfort10 = ``.false.`` ! flag for creating a complex wave function,Whether the wave function is treated as complex-valued.,it generates a complex fort.10 if it is .true.,None,None,complexfort10=.false. ! if .true.  define a complex wf for twisted PBC.,system,makefort10.x,makefort10_04,makefort10_09,makefort10.f90:2180,
real_contracted,``logical``,``.false.``,Not used.,None,None,None,"real_contracted=.false. ! If true atomic contracted orbitals are assumed to     be real, so the imaginary part is not read and one can use the standard  contracted  coefficients output of turbo-genius.",system,makefort10.x,None,makefort10_10,makefort10.f90:2181,
ntyp,``integer`` :: ntyp ! Number of atomic types,ntyp = ``0`` ! not used if fort.10 are not read,Total number of element types in the system.,Total number of element types in the system.,The number of atomic species (INTEGER).,ntyp=1   ! Number of atomic species,None,system,makefort10.x,makefort10_03,makefort10_11,makefort10.f90:2184,
rs_read,``real(8)``,``-1.d0``,Not used.,None,None,None,None,system,makefort10.x,None,makefort10_12,makefort10.f90:2159,
write_log,``logical``,``.false.``,Not used.,None,None,! write_log=.false. ! default=.false. if it is true write the log ,".. code-block:: text

    write_log=.false. ! default=.false. if it is true write the log
                      ! file makefort10.log with all symmetry operations
",system,makefort10.x,None,makefort10_13,makefort10.f90:2185,
axyz,"``integer :: axyz(3, 3)``","3x3 Identity matrix

.. code-block:: fortran

    axyz = 0
    do i = 1, 3
        axyz(i, i) = 1.d0
    end do
",Not used.,None,None,None,".. code-block:: text

    ! matrix that multiples at(:,:) can
    ! be used in conbination with nxyz(:) that in this case
    ! multiply the new orthorombic cell generated by axyz

    axyz(:,:)
",system,makefort10.x,None,makefort10_14,makefort10.f90:2171 -- 2174,
nel_read,``integer``,ignore input value?,Not used.,None,None,None,None,system,makefort10.x,None,makefort10_15,?,
L_read,``real(8)``,``-1.d0``,Not used.,None,None,None,None,system,makefort10.x,None,makefort10_16,makefort10.f90:2160,
yes_pfaff,``logical``,``.false.``,Pfaffian wave function.,it generates pfaffian WF it it is .true.,None,None,None,system,makefort10.x,makefort10_06,makefort10_17,"makefort10.f90:2203, 2222",
nodownpfaff,``logical``,``.false.``,Not used.,None,None,None,None,system,makefort10.x,None,makefort10_18,makefort10.f90:2204,
nouppfaff,``logical``,``.false.``,Not used.,None,None,None,None,system,makefort10.x,None,makefort10_19,makefort10.f90:2205,
yes_tilted,``logical``,``.false.``,Set to .true. when using a non-orthorhombic cell.,non-orthorombic cell if it is .true. # specify celldm(4-6).,None,None,None,system,makefort10.x,makefort10_08,makefort10_20,makefort10.f90:2223,
unit_crystal,``character(len=12) :: unit_crystal``,``'conventional'``,Not used.,None,None,None,None,system,makefort10.x,None,makefort10_21,makefort10.f90:2250,
twobody,``integer``,``-6``,Selects the functional form for the one-body and two-body Jastrow factors. See the wave-function format description for details.,"Type of the Jastrow 2B/1B term used to satisfy the electron-electron, electron-ion cusp conditions.","Switch of Jastrow factor (INTEGER). For all electron calculation, we recommend -15 (spin-independent) or -22 (spin-dependent). In this tutorial, we employ -15.","! twobody=-6    ! J. two body type, see manual. (-9: the jastrowsz is added)","! two body number, if it is  =-9 the jastrowsz is added",electrons,makefort10.x,makefort10_03,makefort10_22,makefort10.f90:2187,
twobodypar(AMDNone),"``double precision, allocatable :: twobodypar(:)``",".. code-block:: fortran

    allocate (twobodypar(2))
    twobodypar(:) = 1.0d0
",Selects the initial values for the two-body Jastrow factor.,"Twobody parameter, p",Variational parameter of two-body Jastrow factor (Float). b_{ee} in Eq.33 of the review paper. we recommend 1.00 as the initial value.,! twobodypar=1.0  ! value of the two body parameter,! two body parameter,electrons,makefort10.x,makefort10_04,makefort10_23,makefort10.f90:2414 -- 2417,
filling,``character(20) :: filling``,"``""diagonal""``
","filling = diagonal: Fill the initial detmat(:,:) and jasmat(:,:) with 1.d0 on the diagonal. filling = random: Fill with random numbers between (0,1.d0). filling = semidiagonal: Fill off-diagonal elements with random numbers between (0,0.1d0) and diagonal elements with 1.d0.","filling = diagonal: Fill the initial detmat(:,:) and jasmat(:,:) with 1.d0 on the diagonal. filling = random: Fill with random numbers between (0,1.d0). filling = semidiagonal: Fill off-diagonal elements with random numbers between (0,0.1d0) and diagonal elements with 1.d0.",None,"! filling=""diagonal""   ! diagonal/random/semidiagonal",".. code-block:: text

    ! how to fill the initial detmat(:,:)
    ! ""diagonal"" fill the diagonal with 1.d0
    ! ""random"" fill with random number between (0,1.d0)
    ! ""semidiagonal"" fill with random number between (0,0.1d0) off-diagonal
    !                and with 1.d0 the diagonal
    ! not used if readatoms=.true.

     filling=""diagonal""
",electrons,makefort10.x,makefort10_01,makefort10_24,"makefort10.f90:2190, 219",
noonebody,``logical``,``.false.``,Not used.,None,None,! noonebody=.false. ! default .false.;  if .true.: no onebody term,".. code-block:: text

    ! if it is .true. do not put the onebody term
    ! default .false.
     noonebody=.false.
",electrons,makefort10.x,None,makefort10_25,makefort10.f90:2191,
readatoms,``logical``,``.false.``,Not used.,None,None,! readatoms=.false. ! default=.false. ; if .true. see README,".. code-block:: text

    ! if readatoms=.true. atomic WF specified in the section ATOMIC_WF are
    ! read for each atom, and detmat(:,:) is builded from them
    ! in this case filling is not necessary
    ! neither the section ATOMIC_ORBITALS and JASTROW_ORBITALS
    ! default=.false.

    readatoms=.false.
",electrons,makefort10.x,None,makefort10_26,makefort10.f90:2192,
orbtype,``character(20) :: orbtype``,"``""normal""``","orbtype = normal: Use normal orbitals. orbtype = mixed: Use mixed orbitals. orbtype = tempered: Use tempered orbitals. The same applies for Jastrow orbitals with jorbtype.
",orbtype = normal: Use normal orbitals. orbtype = mixed: Use mixed orbitals. orbtype = tempered: Use tempered orbitals. The same applies for Jastrow orbitals with jorbtype.,None,"orbtype=""mixed""        ! ""mixed""/""tempered""/""normal""",".. code-block:: text

    ! use orbtype to create different orbitals default ""normal""
    orbtype= (normal | mixed | tempered )
    ! the same but for Jastrow orbitals with orbtype
",electrons,makefort10.x,makefort10_02,makefort10_27,makefort10.f90:2193,
nel,``integer``,"``sum(zeta(2, 1:natoms))``
","Total number of electrons (sum of spin-up and spin-down). If not specified, it is assumed to be equal to the total nuclear charge (i.e., net charge zero).",None,None,! nel = 2    ! number of electrons in the primitive cell,! number of electrons in the primitive cell,electrons,makefort10.x,None,makefort10_28,"makefort10.f90:2156, 2875",
neldiff,``integer``,"By default, the code determines the spin multiplicity from the total number of electrons nel (typically singlet, doublet, or triplet). To set a higher-spin state, you must provide an explicit input value.","In Pfaffian mode (ipf == 2), the file format stores the total electron count with a negative sign (i.e., -nel). Therefore, do not specify neldiff directly as nelup − neldown. Instead, set neldiff from the parity of nel: use neldiff = 0 for even nel (closed-shell) and neldiff = 1 for odd nel (one unpaired electron). For higher-spin states, adjust the number of unpaired electrons accordingly (e.g., neldiff = 2 for two unpaired electrons, neldiff = 3 for three, etc.).",The difference in the number of up and down electrons.,Difference between the number of spin-up electrons and the number of spin-down electrons (INTEGER).,None,".. code-block:: text

    ! difference between the total number of electrons up and down
     neldiff=1  ! neldiff >=0 is assumed in input, i.e. neldiff=1 Total Sz=1/2 sector
",electrons,makefort10.x,makefort10_09,makefort10_29,"makefort10.f90:2157, 1340 -- 1376",
numpaired,``integer``,``0``,Not used.,None,None,None,None,electrons,makefort10.x,None,makefort10_30,makefort10.f90:2158,
jorbtype,``character(20) :: jorbtype``,"``""normal""``",Not used.,None,None,"jorbtype=""tempered""    ! ""mixed""/""tempered""/""normal""",None,electrons,makefort10.x,None,makefort10_31,makefort10.f90:2194,
onlycontrdet,``logical``,``.false.``,Not used.,None,None,".. code-block:: text

    ! onlycontrdet=.false.  ! default is .false.;
    if true put minus sign to the zeta in fort.10
    use to optimize only the contraction coeff. in det
",".. code-block:: text

    ! if this flas is true put minus sign to the zeta in fort.10
    ! useful to optimize only the contraction coefficients in det
    ! default is .false.
    onlycontrdet=.false.
",electrons,makefort10.x,None,makefort10_32,makefort10.f90:2201,
onlycontrjas,``logical``,``.false.``,Not used.,None,None,".. code-block:: text

    ! onlycontrjas=.false.  ! default is .false.;
    if true put minus sign to the zeta in fort.10
    use to optimize only the contraction coeff. in jas
",".. code-block:: text

    ! if this flas is true put minus sign to the zeta in fort.10
    ! useful to optimize only the contraction coefficients in jas
    onlycontrjas=.false.
",electrons,makefort10.x,None,makefort10_33,makefort10.f90:2202,
shiftbeta,``integer``,shiftbeta = ``1`` ! default value for shiftbeta,Not used.,None,None,".. code-block:: text

    ! shiftbeta=1     ! if beta< 0 in tempered basis  change beta by
    using the maximum Z in input according to
    alpha*beta*(n-shiftbeta)=Z_max ( -beta in input)",None,electrons,makefort10.x,None,makefort10_34,makefort10.f90:2406,
readunpaired,``logical``,``.false.``,Not used.,None,None,None,None,electrons,makefort10.x,None,makefort10_35,makefort10.f90:2215,
vecpbc,``integer :: vecpbc(3)``,"- vecpbc(1:3) = 1 if apbc(1:3) is .true.
- vecpbc(1:3) = 0 if apbc(1:3) is .false.",Not used.,None,None,None,None,electrons,makefort10.x,None,makefort10_36,"makefort10.f90:2220, 259 -- 272",
yesbump,``logical``,yesbump = ``.false.`` ! default value for yesbump,Not used.,None,None,None,None,electrons,makefort10.x,None,makefort10_37,makefort10.f90:2408,
"onebodypar(PORT, AMDNone)","``double precision, allocatable :: onebodypar(:)``","allocate (onebodypar(ntyp))
onebodypar = 0.0d0
",Selects the initial values for the two-body Jastrow factor.,"Onebody parameter, b",Variational Parameter of one-body Jastrow factor (Float). b_{ea} in Eq.31 of the review paper. The suitable initial value depends on the largest exponent of an employed basis set. See later.,! onebodypar=0.0  ! value of the one  body parameter when cusp are present (no pseudo),None,electrons,makefort10.x,None,makefort10_38,makefort10.f90:2416--2418,
niesd,``integer``,"- ignore input value
- niesd must equal to ``n_onebody + n_twobody``
- otherwise program fails",Not used.,None,None,None,None,electrons,makefort10.x,None,makefort10_39,"makefort10.f90:2195, 1492 -- 1506",
yes_crystal,``logical``,"- ``.true.`` if no input
- ignore input

  + ``.true.`` if complexfort10 is .true. and pbcfort10 is .true.","When periodic boundary conditions are enabled, controls whether CRYSTAL BASIS is used for the determinant orbitals. If not used, the periodic boundary conditions are real-valued.",Use the crystal basis for the determinant part. The default is .true. for a PBC case.,None,None,yes_crystal=.false. ! if true uses standard Crystal basis with periodised atomic orbitals using several images until convergence.,electrons,makefort10.x,makefort10_06,makefort10_40,"makefort10.f90:2409, 2460 -- 2464",
yes_crystalj,``logical``,``.false.``,"When periodic boundary conditions are enabled, controls whether CRYSTAL BASIS is used for the Jastrow orbitals. If not used, the periodic boundary conditions are real-valued.","Use the crystal basis for the jastrow part. The default is .true. for a PBC case.
となっているが、プログラムではデフォルトが.false.
",None,None,yes_crystalj=.true. ! if true as above for the Jastrow basis.,electrons,makefort10.x,makefort10_07,makefort10_41,makefort10.f90:2410,
no_4body_jas,``logical``,``.false.``,"For the three-body/four-body part of the Jastrow factor, controls whether the four-body terms—i.e., Jastrow factors for electron pairs belonging to different atoms—are enabled.",Does not use the 4-body jastrow factors when it is true.,"No four-body Jastrow factor (BOOLEAN). Indeed, if this is true, M in Eq.34 of the review paper is set zero for a \neq b.",None,None,electrons,makefort10.x,makefort10_08,makefort10_42,makefort10.f90:2411,
nopseudo,``logical``,``.false.``,Not used.,None,None,None,None,electrons,makefort10.x,None,makefort10_43,makefort10.f90:2412,
scale_jasfat,``real*8``,``0.d0``,Not used.,None,None,None,None,electrons,makefort10.x,None,makefort10_44,makefort10.f90:2419,
nosym,``logical``,``.false.``,"If true, disables all symmetry operations.","If nosym = .true., do not use symmetry, but only identity and inversion symmetries. The default is .false..",None,! nosym=.false.  ! default .false.; if .true. do not use point group symmetries,".. code-block:: text

     nosym=.false.
    ! if it is .true. do not  use symmetry, but just identity and inversion
    ! you have to provide a cell with inversion symmetry!!
    ! default .false.
",symmetries,makefort10.x,makefort10_01,makefort10_45,makefort10.f90:2208,
notra,``logical``,``.false.``,"If true, disables translational symmetry.",None,None,"! notra=.false. ! if true, no translation symmetries",None,symmetries,makefort10.x,None,makefort10_46,makefort10.f90:2211,
forces_sym,``logical``,``.false.``,Not used.,None,None,! forces_sym=.false. ! if true nosym_forces and notra_forces are active only for the ionic force components,None,symmetries,makefort10.x,None,makefort10_47,makefort10.f90:2543,
notra_forces,``logical``,"- ``.false.`` if no input
- ignore input

  + ``notra`` if forces_sym is .false.",Not used.,None,None,! notra_forces=.false.  ! if true do not use translation symmetries in forces if also forces_sym=.true.,None,symmetries,makefort10.x,None,makefort10_48,"makefort10.f90:2544, 2599 -- 2602",
nosym_forces,``logical``,"- ``.false.`` (no input)
- ``nosym`` (ignore input value) if forces_sym is .false.",Not used.,None,None,! nosym_forces=.false.  ! if true do not use point group symmetries in forces if also forces_sym=.true.,None,symmetries,makefort10.x,None,makefort10_49,"makefort10.f90:2545, 2599 -- 2602",
eqatoms,``logical``,``.true.``,"If eqatoms = .true., set the same value for all the exponents of the atomic basis if acting on the same type of atom. If eqatoms = .false., exponents corresponding to different atomic positions are equal only if related by spatial symmetries.
","If eqatoms = .true., set the same value for all the exponents of the atomic basis if acting on the same type of atom. If eqatoms = .false., exponents corresponding to different atomic positions are equal only if related by spatial symmetries.",Treating the same atoms equally (BOOLEAN)., eqatoms=.true.  ! All the same atoms have the same orbital coefficients,".. code-block:: text

     eqatoms=.true.
    ! if it is .true., set to the same value all the exponents of the atomic basis
    ! if acting on  the same type of atom,
    ! if it is false exponents corresponding to different atomic positions
    ! are equal only if related by spatial symmetries.
",symmetries,makefort10.x,makefort10_02,makefort10_50,makefort10.f90:2206,
eq_intatoms,``logical``,``.true.``,Not used.,None,None,None,"eq_intatoms=.true.  ! if .true. atoms are considered equal if the integer part of atomic number is equal, otherwise also the decimals are taken into account.",symmetries,makefort10.x,None,makefort10_51,makefort10.f90:2207,
rot_det,``logical``,``.true.``,"If true, enforces rotational symmetry on the pairing functions in the determinant part.","This flag is used to exclude rotation symmetries from the lambda matrix of the determinant. If rot_det = .false., makefort10.x uses only translations and inversion symmetry, if present. Note that the rotation symmetries are still used to determine the relation between the parameters of the orbitals, so the result is slightly different from nosym = .true. that does not use rotation for everything.",Taking the rotational symmetries into account (BOOLEAN).,".. code-block:: text

    ! rot_det=.true. ! if .false. use only translations and inversion symmetry, if
    present, to constraint the lamba matrix, and not rotations.
    Less general than nosym=.false. (see README)
",".. code-block:: text

     rot_det=.true.
    ! this flag is used to exclude rotation symmetries from the lambda
    ! matrix of the determinant. If it is .false. makefort10.x uses only
    ! translations and inversion symmetry if present.
    ! Notice that the rotation symmetries are still used to determine the
    ! relation between the parameter of the orbitals so the result is slightly
    ! different from nosym=.true. that do not use the rotation for everything
",symmetries,makefort10.x,makefort10_03,makefort10_52,makefort10.f90:2212,
rot_jas,``logical``,``.true.``,"If true, enforces rotational symmetry on the pairing functions in the Jastrow part.",None,None,! rot_jas=.true. ! same as above for the jastrow factor,None,symmetries,makefort10.x,None,makefort10_53,makefort10.f90:2213,
rot_pfaff,``logical``,``.false.``,"If true, enforces rotational symmetry on the pairing functions in the Pfaffian part.",None,None,None,None,symmetries,makefort10.x,None,makefort10_54,makefort10.f90:2214,
nosym_contr,``logical``,``.false.``,"If true, does not impose symmetry on the contractions in the determinant part.",None,None,".. code-block:: text

    nosym_contr=.true. ! Acts only when eqatoms=.true.
    if .true. all the same atoms have the same exponents
    but different coefficients in det
",nosym_contr=.true. ! acts only when eqatoms=.true. ; if .true. all the same atoms have the same exponents but different coeff. in det,symmetries,makefort10.x,None,makefort10_55,makefort10.f90:2209,
nosym_contrj,``logical``,``.false.``,"If true, does not impose symmetry on the contractions in the Jastrow part.",None,None,".. code-block:: text

    nosym_contrj=.true. ! Acts only when eqatoms=.true.
    if .true. all the same atoms have the same exponents
    but different coefficients in jas
",nosym_contrj=.true.  ! acts only when eqatoms=.true. ; if .true. all the same atoms have the same exponents but different coeff. in jas,symmetries,makefort10.x,None,makefort10_56,makefort10.f90:2210,
symmagp,``logical``,``.true.``,"If true, imposes antisymmetry on the AGP matrix, i.e., the state becomes a pure spin singlet.","If symmagp = .false., create a fort.10 file with a lambda matrix that is not symmetric (e.g., JAGPu ansatz).","If true, taking into account of only singlet pairings, if false, considering also triplet pairings (BOOLEAN).","! symmagp=.true.   ! if false use a non symmetric AGP, if true satisfies time reversal in the complex case","typo underscore?

.. code-block:: text

    ! create a fort.10 with a not symmetric lambda matrix
    symm_agp=.false.
",symmetries,makefort10.x,makefort10_04,makefort10_57,makefort10.f90:2200,
forcesymm,``logical``,``.false.``,forcesymm: WIP (to be documented).,None,None,None,None,symmetries,makefort10.x,None,makefort10_58,makefort10.f90:2546,
nshelljas,``integer``,``0``,Specifies the number of basis-function shells used for the Jastrow part.,None,The number of gaussian basis for use in Jastrow factor (INTEGER).,None,"nshelljas=2  ! if negative , i.e. -2, also Jastrow matrix elements are read below)",shells,makefort10.x,None,makefort10_59,orbitals.f90:108,
nshelldet,``integer``,``0``,Specifies the number of basis-function shells used for the determinant part.,None,The number of gaussian basis for use in the determinant part (INTEGER).,None,None,shells,makefort10.x,None,makefort10_60,orbitals.f90:107,
njas_hyb,``integer``,``0``,"If specified, adds that many hybrid orbitals to the Jastrow part.",None,None,".. code-block:: text

    !!! for hybrid orbitals in det and jas
    ! ndet_hyb=4
    ! njas_hyb=2
",None,shells,makefort10.x,None,makefort10_61,orbitals.f90:109,
ndet_hyb,``integer``,``0``,"If specified, adds that many hybrid orbitals to the determinant part.",None,None,".. code-block:: text

    !!! for hybrid orbitals in det and jas
    ! ndet_hyb=4
    ! njas_hyb=2
",! ndet_hyb=4 authomatic generation of hybrid orbitals in the given (scontracted) basis defined by normal orbitals.,shells,makefort10.x,None,makefort10_62,orbitals.f90:110,
no_3body_jas,``logical``,``.false.``,Not used.,None,None,"! no_3body_jas=.true. ! if true, switch off the three body Jastrow but keep one body for this atom.",None,shells,makefort10.x,None,makefort10_63,orbitals.f90:112,
ncut_hyb,``integer``,``-1``,Not used.,None,None,None,None,shells,makefort10.x,None,makefort10_64,orbitals.f90:111,
ATOMIC_POSITIONS,WIP,WIP,"Specifies atomic positions, using the same convention as Quantum ESPRESSO.",None,None,".. code-block:: text

    ATOMIC_POSITIONS
          4     14       0.0      0.0000000       0.00
          4     14       0.5      0.0000000       0.25
          4     14      -0.5      0.5      0.5
          4     14       0.0000000      0.5     0.75
",".. code-block:: text

        ATOMIC_POSITIONS
        1 1. -.6651468000 -.6651468000 -.6651468000
        1 1. .6651468000 .6651468000 .6651468000

    The first two numbers A1 and A2 define valence electron number and atomic number, respectively,
    Moreover the other three numbers indicate the corresponding position of the atom in the units specified in input.
    A1 and A2 are real numbers and the atomic number A=int(A2). The latter extension to real numbers is very useful in several cases.
    For instance, when using pseudo for Hydrogen, one can put A2=1.1 because it is assumed in the code
    that pseudo are used if A2=/A1. The second use is to define several atomic positions
    corresponding to the same atomic number, and nevertheless using a different basis for each different position.
",ATOMIC_POSITIONS,makefort10.x,makefort10_01,makefort10_65,WIP,
ATOMIC_SPECIES,WIP,WIP,"Specifies atomic species, using the same convention as Quantum ESPRESSO.",None,None,None,".. code-block:: text

    ! this section is read only if readatoms=.true., here you have
    ! to provide the name of the fort.10 for each atom present in ATOMIC_POSITIONS
    ! with the same order
    ATOMIC_SPECIES
    1 H.fort10

    ! orbitals with the same notation of the fort.10
    ! this section is not read if read_atoms=.true.

    If orbtype=""normal"" use the same notation of fort.10

    if orbtype=""tempered"" the oribal notation is

    >multi nparm ioptorb
    >ion alpha beta

    if orbtype=""mixed"" the notation is

    >multi nparm ioptorb nparm2
    >ion parm(1) ... parm(nparm)  alpha beta

    if nparm2=0, alpha and beta are not read
",ATOMIC_SPECIES,makefort10.x,None,makefort10_66,WIP,
UNPAIRED,WIP,WIP,Not used.,None,None,".. code-block:: text

    !UNPAIRED  ! read only if nel is odd or forceunpaired=.true.
    ! 2  ! norb_unpaired:  number of orbitals for the unpaired electron
    !! array with 2*norb_orbunpaired
    !! first atom number and  second the orbital number
    !1 5 2 3
    !! so this means the fifth orbital on atom 1 and the third orbital on atom 2
",".. code-block:: text

    UNPAIRED  ! read only if nel is odd
    2  ! norb_unpaired:  number of orbitals for the unpaired electron
    ! array with 2*norb_orbunpaired
    ! first atom number and  second the orbital number
    1 5 2 3
    ! so this means the fifth orbital on atom 1 and the third orbital on atom 2
",UNPAIRED,makefort10.x,None,makefort10_67,WIP,
"""ATOM\_""//trim(intc(zeta(1, i1)))",WIP,WIP,Not used.,exist,None,".. code-block:: text

    ATOM_14
    &shells
     nshelldet=4
     nshelljas=2
    ! no_3body_jas=.true. ! if true, switch off the three body Jastrow but keep one body for this atom.
    !!! for hybrid orbitals in det and jas
    ! ndet_hyb=4
    ! njas_hyb=2
    !!! mixed orbitals
    ! mixed type orbital the first line below indicates:
    ! 2*l+1 (odd int), #coeff normal , # type orb ,# coeff tempered, alpha, beta
    ! Normal basis:
    ! read C_1,C_2...C_#coeff/2, Z_1,Z_2,...,Z_#coeff/2
    ! C_i = coefficient acting on the function (e.g. exp, gauss.) with exponent Z_i
    ! Tempered basis:
    ! Z_i= alpha * beta**(i-1), i=1,2....#coeff/2
    ! [N.B. if beta (-10.d0 below) < 0 the maximum Z =-beta), beta redefined]
    ! # coeff = Number of exponents x 2
    /
    1 4 300 24
    1 1. 2. 1. 0. 0.03 -10.d0
    3 0 400 24
    1 0.03 1.4519152527d0
    5 0 500 12
    1 0.03 2.26793315527d0
    7 0 600 4
    1 0.03 3.d0
    # comment line before jastrow
    1 4 3000
    1 0.253120000000000  -10.0d0
    3 4 4000
    1 0.203880000000000  10.25d0
",".. code-block:: text

    ATOM_6    (it can be 6.1 6.2 .. 6.99 and they correspond always to Carbon but in possibly
    different positions where one can choose different matrix elements for the Jastrow)
    &shells
    nshelldet=4
    nshelljas=2  ! if negative , i.e. -2, also Jastrow matrix elements are read below)
    !!! for hybrid orbitals in det and jas
    ! ndet_hyb=4 authomatic generation of hybrid orbitals in the given (scontracted) basis defined by normal orbitals.
    ! njas_hyb=2
    /
    1           4         300
    1  0.2  1.2 1.00000 0.0
    3           1         36
    1  0.21
    1           4         300
    2  0.2  1.2 1.00000 0.0
    3           1         36
    2  0.21
    1        8     900000     ! hybrid orbital put by hand  in this case when ndet_hyb=0
    1        1 2   1 3   1 0 0 0     ! This is the case with yes_pfaff=.true. the spin-down basis is replicated
    the first two indicate the spin-up orbitals, the second two the spin-down
    they have to be the same number but not necessarily the same orbitals.
    # empty line
    1	1	100
    1   0.2
    1	1	100
    2   0.2

    #  one line before writing extra lines, that are read  if nshelljas<0
       n1 n2  # n1 is the number of extra lines to be read after this one, n2 is an integer defining
        three option for defining the matrix elements of the one body and two body atomic  Jastrow factor.

    In all cases all matrix elements not specified are initialized to zero.
    Case 1)  n2=-1
    The extra lines refers only to one body in the basis enumerated by the previous lines.
    NB the three-body can be cut an paste below after an optimization but
    the matrix elements have to be scaled appropriately according to (Total #el used in the optimization -1)/(#el atom (valence one used) -1).
    Conversely one can used unscaled ME but one has to define scale_fatjas=Total #el used in the optimization, e.g.
    if you do CO this number is 6+8=14, even if the ME refers to C only.
    In the above example 2s2p1hyb the enumeration goes from 1 to 2 +2 x3 +1=9

       1   matrix element value for one-body (first 1s)
       2  ....
       9  ...

    Case 2)  n2=0   the extra lines refer to two-body matrix elements with no reference to the
             constant orbital, used for defining the one body Jastrow.

        1  1   matrix elements referring to 1 1 in the above basis enumeration
        1  2    ..
        1  9  ...
        9  9  ...


    Case 3)  General both one-body and two body matrix elements can be defined
    n2=an arbitrary integer> atomic basis dimension (=9 in the above example) indicates
    conventionally  the constant orbital used  for defining the one body
    e.g. we set n2=23 in this example

        1  1   matrix elements referring to 1 1 in the above basis enumeration
        1  2    ..
        1  9  ...
        9  9  ...
        1 23 ...    # one body matrix element defined here and below
        2 23 ...
        ...
        9 23 ...
",ATOM_number,makefort10.x,makefort10_01,makefort10_68,WIP,
epsdgm,``real*8``,``1d-14``,"Numeric value. If epsdgm<0, fast routine with no diag is used. Only filling random molecular orbitals. When epsdgm=-1.0, it converts a symmagp=.true. to a symmagp=.false fort.10.","Numeric value. If epsdgm<0, fast routine with no diag is used. Only filling random molecular orbitals. When epsdgm=-1.0, it converts a symmagp=.true. to a symmagp=.false fort.10.",None,".. code-block:: text

    epsdgel default machine precision,
    if epdgm<0 --> fast routine no diag.
    only filling random molecular orbitals.
    NEW! epsdgm=-1.0 convert a symmagp=.true.
    to a symmagp=.false fort.10
",None,control,convertfort10mol.x,convertfort10mol_02,convertfort10mol_01,convertfort10mol.f90:93,
molopt,``integer``,``0``,"Numeric value. If molopt>2, the best atomic contracted are evaluated using DMRG. molopt=2 for only AGP, molopt=3 for AGP and Jastrow.","Numeric value. If molopt>2, the best atomic contracted are evaluated using DMRG. molopt=2 for only AGP, molopt=3 for AGP and Jastrow.",None,".. code-block:: text

    default,  molopt>2 if best atomic contracted are evaluated
    using DMRG. molopt=2 only AGP, molopt=3 AGP and Jastrow
",".. code-block:: text

    Only the parameter ``molopt`` requires detailed explanation in this tool.

    After running this tool the coefficient of the contracted atomic orbitals
    are  arbitrary because all the original  wave function (in ``fort.10_in``)
    is rewritten (in ``fort.10_new``)  in terms of molecular orbitals defined
    in the original primitive basis (e.g. all independent atomic gaussian basis
    defining the original ``fort.10_in``).

    if molopt>= 2  then the coefficients of the contracted atomic
    orbitals will no longer be optimizable in a subsequent minimization.
    Otherwise all contracted atomic orbitals will be optimized with
    the corresponding option molopt=1 in datasminmol.input
    or molopt=0 (default) in datasmin.input

    By using abs(molopt)>=2 this subroutine initialize the coefficients
    of the contracted atomic orbitals,using dmrg (the system
    has to represent at best the universe) to evaluate
    the best atomic contracted orbitals (the system) that can be connected
    to the full AGP matrix squared  (the universe now written in terms
    of molecular orbitals). See the DMRG paper by S.R. White PRB 48, 10345 (1993).
    The algorithm is: be f(r1,r) the AGP obtained by restricting r1 to all
    atomic orbitals of given type (s,p,d) acting on a given atom.
    The density matrix is DMRG(r1,r2)=int_(r' \in universe)  f(r1,r') f(r2,r').
    The best atomic orbitals are the eigenvector of the density matrix
    with highest eigenvalue.
",control,convertfort10mol.x,convertfort10mol_01,convertfort10mol_02,convertfort10mol.f90:92,
weight_loc,``real*8``,``-1.d0``,WIP,None,None,None,None,control,convertfort10mol.x,,convertfort10mol_03,convertfort10mol.f90:95,
power,``real*8``,``1.d0``,WIP,None,None,None,None,control,convertfort10mol.x,,convertfort10mol_04,convertfort10mol.f90:94,
orthoyes,``logical``,``.true.``,"Logical value. If set to .true., orthogonalization of unpaired orbitals is employed.","Logical value. If set to .true., orthogonalization of unpaired orbitals is employed.",None,default . employ orthogonalization unpaired orbitals,None,control,convertfort10mol.x,convertfort10mol_03,convertfort10mol_05,convertfort10mol.f90:96,
yesbig,``logical``,``.false.``,WIP,None,None,None,None,control,convertfort10mol.x,,convertfort10mol_06,convertfort10mol.f90:90,
membig,``logical``,``.true.``,"Logical value. If set to .false., coefficients of molecular orbitals are changed to allow stable optimization.","Logical value. If set to .false., coefficients of molecular orbitals are changed to allow stable optimization.",None,".. code-block:: text

    if membig=.false. change coefficients molecular orbitals
    to allow stable optimization with this option.
",None,control,convertfort10mol.x,convertfort10mol_04,convertfort10mol_07,convertfort10mol.f90:91,
gramyes,``logical``,``.false.``,WIP,None,None,None,None,control,convertfort10mol.x,,convertfort10mol_08,convertfort10mol.f90:97,
epsbas,``real*8``,``1d-6``,WIP,None,None,None,None,control,convertfort10mol.x,,convertfort10mol_09,m_common/memOP.f90:40,
allowed_averagek,``logical``,``.true.``,WIP,None,None,None,None,control,convertfort10mol.x,,convertfort10mol_10,m_common/memOP.f90:46,
add_onebody2det,``logical``,``.true.``,WIP,None,None,None,None,control,convertfort10mol.x,,convertfort10mol_11,convertfort10mol.f90:99,
only_molecular,``logical``,``.false.``,"Logical value. If set to .true., only molecular orbitals are assumed in the contracted basis to minimize memory. It is not allowed for full AGP optimization, rather for DFT or VMC/DMC at fixed variational parameters.","Logical value. If set to .true., only molecular orbitals are assumed in the contracted basis to minimize memory. It is not allowed for full AGP optimization, rather for DFT or VMC/DMC at fixed variational parameters.",None,".. code-block:: text

    If .true. only molecular orbitals are assumed in
    the contracted basis in order to minimize memory.
    It is not allowed forfull AGP  optimization,
    rather for DFT or VMC/DMC at fixed variational parameters.
",".. code-block:: text

    only_molecular=.true./.false. ! If .true. only molecular orbitals
    are assumed in the contracted basis in order to minimize memory.
    It is  not allowed for AGP optimization,  rather for DFT or VMC/DMC
    at fixed variational parameters or optimization in the restricted
    molecular orbital basis.
",control,convertfort10mol.x,convertfort10mol_05,convertfort10mol_12,convertfort10mol.f90:100,
add_offmol,``logical``,``.false.``,"add_offmol=.true./.false. If the above is true , add also off diagonal elements in the molecular orbital basis defined by the above option.","add_offmol=.true./.false. If the above is true , add also off diagonal elements in the molecular orbital basis defined by the above option.",None,None,".. code-block:: text

    add_offmol=.true./.false. If the above is true,
    add also off diagonal elements in the molecular
    orbital basis defined by the above option.
",control,convertfort10mol.x,,convertfort10mol_13,convertfort10mol.f90:101,
nbufd,``integer``,"- if epsdgm >= 0.d0

  + ``1000`` if nelorb < 2000
  + ``100`` if nelorb >= 2000

- ``1`` if epsdgm < 0.d0
",Numeric value. Represents buffer default.,Numeric value. Represents buffer default.,None,buffer default,None,mesh_info,convertfort10mol.x,convertfort10mol_05,convertfort10mol_14,convertfort10mol.f90:106 -- 114,
nx,``integer``,``0``,Numeric value. Number of mesh points in the x direction to evaluate overlaps.,Numeric value. Number of mesh points in the x direction to evaluate overlaps.,The number of mesh in x direction.,number of mesh point in the direction x to evaluate overlaps,None,mesh_info,convertfort10mol.x,convertfort10mol_02,convertfort10mol_15,convertfort10mol.f90:115,
ny,``integer``,``nx``,Numeric value. Default is nx.,Numeric value. Default is nx.,"The number of mesh in y direction. If it is not specified, ny = nx",default ny=nx,None,mesh_info,convertfort10mol.x,convertfort10mol_03,convertfort10mol_16,convertfort10mol.f90:135,
nz,``integer``,``ny``,Numeric value. Default is ny.,Numeric value. Default is ny.," number of mesh in z direction. If it is not specified, nz = nx",default nz=ny,None,mesh_info,convertfort10mol.x,convertfort10mol_04,convertfort10mol_17,convertfort10mol.f90:136,
ax,``real*8``,``0.1d0``,"Numeric value. Lattice mesh on the x direction, not used for PBC.","Numeric value. Lattice mesh on the x direction, not used for PBC.",Mesh width in x direction. The unit is Bohr,"lattice mesh on the x direction, not used for PBC.",None,mesh_info,convertfort10mol.x,convertfort10mol_01,convertfort10mol_18,convertfort10mol.f90:118,
ay,``real*8``,``0.d0``,WIP,None,"Mesh width in y direction. If it is not specified, ay = ax.",None,None,mesh_info,convertfort10mol.x,,convertfort10mol_19,convertfort10mol.f90:119,
az,``real*8``,``0.d0``,WIP,None,"Mesh width in y direction. If it is not specified, az = ax.",None,None,mesh_info,convertfort10mol.x,,convertfort10mol_20,convertfort10mol.f90:120,
shift_origin,``logical``,``.true.``,WIP,None,None,None,None,mesh_info,convertfort10mol.x,,convertfort10mol_21,convertfort10mol.f90:121,
shiftx,``logical``,``.false.``,WIP,None,None,None,None,mesh_info,convertfort10mol.x,,convertfort10mol_22,convertfort10mol.f90:122,
shifty,``logical``,``.false.``,WIP,None,None,None,None,mesh_info,convertfort10mol.x,,convertfort10mol_23,convertfort10mol.f90:123,
shiftz,``logical``,``.false.``,WIP,None,None,None,None,mesh_info,convertfort10mol.x,,convertfort10mol_24,convertfort10mol.f90:124,
nmol,``integer``,``molecular - nelup + neldo``,"Numeric value. Number of molecular orbitals in fort.10 in the AGP, if nmol>0 and unpaired orbitals are present the total number of molecular orbitals in fort.10 is molecular = nmol+#unpaired orbitals (nelup-neldo)","Numeric value. Number of molecular orbitals in fort.10 in the AGP, if nmol>0 and unpaired orbitals are present the total number of molecular orbitals in fort.10 is molecular = nmol+#unpaired orbitals (nelup-neldo)","The numbers of molecular orbitals. When they equals to N/2, where N is the total number of electrons in the system, JAGP = JDFT.",".. code-block:: text

    number of molecular orbitals in fort.10 in the AGP, if nmol>0
    and unpaired orbitals are present the total number of molecular
    orbitals in fort.10 is molecular= nmol+#unpaired orbitals (nelup-neldo)
",".. code-block:: text

    The number of molecular orbitals  appended in ``fort.10_new``
    is  the sum of ``nmol`` (input)  and the number of
    unpaired orbitals= ``nelup``-``neldo``.
",molec_info,convertfort10mol.x,convertfort10mol_01,convertfort10mol_25,convertfort10mol.f90:259,
nmolmin,``integer``,``1``,"Numeric value. The first nmolmin molecular eigenvalue are set to one. If nmolmin=nmolmax=Nel/2, a perfect Slater determinant is projected.","Numeric value. The first nmolmin molecular eigenvalue are set to one. If nmolmin=nmolmax=Nel/2, a perfect Slater determinant is projected.","The numbers of molecular orbitals. When they equals to N/2, where N is the total number of electrons in the system, JAGP = JDFT.",".. code-block:: text

    nmolmin=128    !  ==    the first nmolmin molecular eigenvalue are set to one
                   !e.g. if nmolmin=nmolmax=Nel/2  a perfect Slater determinant is
                   !projected.
",None,molec_info,convertfort10mol.x,convertfort10mol_03,convertfort10mol_26,convertfort10mol.f90:265,
nmolmax,``integer``,``nmol``,Numeric value. Used in projection (default nmolmax=nmol).,Numeric value. Used in projection (default nmolmax=nmol).,"The numbers of molecular orbitals. When they equals to N/2, where N is the total number of electrons in the system, JAGP = JDFT.",nmolmax=136    !  ==          used in projection (default nmolmax=nmol),None,molec_info,convertfort10mol.x,convertfort10mol_02,convertfort10mol_27,convertfort10mol.f90:260,"nmol < nmolmax が条件であるのに、Warningの出力はnmol >= nmolmaxとなっている?
! convertfort10mol.f90:261 -- 264
if (nmol .lt. nmolmax) then
  nmol = nmolmax
  write (6, *) ' Warning nmol>= nmolmax, changed nmol=nmolmax', nmol
end if"""
printoverlap,``logical``,``.false.``,"Logical value. If set to .true., it prints overlaps between nmolmin, nmolmax orbitals.","Logical value. If set to .true., it prints overlaps between nmolmin, nmolmax orbitals.",None,"if .true. print overlaps between nmolmin,nmolmax orb.",None,molec_info,convertfort10mol.x,convertfort10mol_04,convertfort10mol_28,convertfort10mol.f90:254,
wherescratch,``character(60 + lchlen)`` (lchlen = 1000),``'./'``,WIP,None,None,None,None,option,convertfort10.x,,convertfort10_01,convertfort10.f90:152,
eqion,``logical``,``.true.``,"Logical value. When set to .false., you can allow for a permutation of ions but the corresponding pseudo to fort.10_out has to be defined (if pseudos are used) named pseudo_out.","Logical value. When set to .false., you can allow for a permutation of ions but the corresponding pseudo to fort.10_out has to be defined (if pseudos are used) named pseudo_out.",None,When .false. you can allow for a permutation of ions but also the pseudo corresponding to fort.10_out has to be defined (if pseudo are used) with the name pseudo_out,None,option,convertfort10.x,,convertfort10_02,convertfort10.f90:147,
bigram,``logical``,``.true.``,"Logical value. If set to .true., it uses RAM to store the initial file.","Logical value. If set to .true., it uses RAM to store the initial file.",None,Uses ram to store initial file.,None,option,convertfort10.x,,convertfort10_03,convertfort10.f90:148,
symiesup,``logical``,``.true.``,"Logical value. If set to .true., it uses symmetries for contracted orbitals in AGP.","Logical value. If set to .true., it uses symmetries for contracted orbitals in AGP.",None,Uses symmetries for contracted orbitals in AGP.,None,option,convertfort10.x,,convertfort10_04,convertfort10.f90:149,
epsdgel,``real*8``,``1d-13``,Numeric value. The default is 1d-15.,Numeric value. The default is 1d-15.,None,! epsdgel=1d-15 ! default,None,control,convertfort10.x,,convertfort10_05,convertfort10.f90:177,
epsvpot,``real*8``,``0.d0``,WIP,None,None,None,None,control,convertfort10.x,,convertfort10_06,convertfort10.f90:179,
overlap,``logical``,``.false.``,WIP,None,None,None,None,control,convertfort10.x,,convertfort10_07,convertfort10.f90:183,
change_contr,``logical``,``.true.``,"Logical value. If set to .true., it does not compute contracted coefficient Det (read in fort.10_out).","Logical value. If set to .true., it does not compute contracted coefficient Det (read in fort.10_out).",None,Do not compute contracted coefficient Det (read in fort.10_out),None,control,convertfort10.x,,convertfort10_08,convertfort10.f90:184,
change_jas,``logical``,``.false.``,"Logical value. If set to .false., it does not compute the output Jastrow (read in fort.10_out).","Logical value. If set to .false., it does not compute the output Jastrow (read in fort.10_out).",None,if false do not compute the output Jastrow (read in fort.10_out),None,control,convertfort10.x,,convertfort10_09,convertfort10.f90:185,
yespardiag,``logical``,``.true.``,"Logical value. If set to .true., it uses the parallelized matrix-matrix multiplication.","Logical value. If set to .true., it uses the parallelized matrix-matrix multiplication.",None,To use the parallelized matrix matrix moltiplication,None,control,convertfort10.x,,convertfort10_10,convertfort10.f90:186,
epsbas,``real*8``,``1d-7``,WIP,None,None,None,None,control,convertfort10.x,,convertfort10_11,convertfort10.f90:178:,
double_kpgrid,``logical``,``.true.``,WIP,None,None,None,None,control,convertfort10.x,,convertfort10_12,convertfort10.f90:187,
scale_unp,``real*8``,``1.d0``,WIP,None,None,None,None,control,convertfort10.x,,convertfort10_13,convertfort10.f90:180,
force_real,``logical``,``.false.``,"Logical value. If set to .true., the output contracted orbitals are real.","Logical value. If set to .true., the output contracted orbitals are real.",None,if true contracted output orbitals are real.,None,control,convertfort10.x,,convertfort10_14,convertfort10.f90:181,
real_agp,``logical``,``.false.``,"Logical value. If set to .true., it uses the numerical algorithm to obtain a real AGP with the maximum overlap.","Logical value. If set to .true., it uses the numerical algorithm to obtain a real AGP with the maximum overlap.",None,It uses the numerical algorithm to obtain a real agp with the maximum overlap,"The numerical version of the algorithm (real_agp=.true. or rmax=xx) works
 only with AGPs, if you want to use it with molecular orbitals, convert the
 molecular WF in a AGP and then use the numerical version",control,convertfort10.x,,convertfort10_15,convertfort10.f90:193,
rmax,``real*8``,``-1.d0``,Numeric value. It uses the numerical algorithm to obtain an AGP with a cutoff radius of rmax (bohr) and with the maximum overlap.,Numeric value. It uses the numerical algorithm to obtain an AGP with a cutoff radius of rmax (bohr) and with the maximum overlap.,None,It uses the numerical algorithm to obtain an agp with cutoff radius of rmax (bohr) and with the maximum overlap,"The numerical version of the algorithm (real_agp=.true. or rmax=xx) works
 only with AGPs, if you want to use it with molecular orbitals, convert the
 molecular WF in a AGP and then use the numerical version",control,convertfort10.x,,convertfort10_16,convertfort10.f90:188,
rmaxj,``real*8``,``-1.d0``,WIP,None,None,None,None,control,convertfort10.x,,convertfort10_17,convertfort10.f90:189,
rmaxinv,``real*8``,``-1.d0``,WIP,None,None,None,None,control,convertfort10.x,,convertfort10_18,convertfort10.f90:190,
max_iter,``integer``,``25000``,Integer value. It represents the maximum number of iterations for the numerical algorithm (not much more than 10000 is suggested).,Integer value. It represents the maximum number of iterations for the numerical algorithm (not much more than 10000 is suggested).,None,It is the maximum number of iteration for the numerical algorithm (suggested not much more than 10000),None,control,convertfort10.x,,convertfort10_19,convertfort10.f90:191,
prec,``real*8``,``1.d-6``,Numeric value. It represents the required precision for the numerical version of the algorithm.,Numeric value. It represents the required precision for the numerical version of the algorithm.,None,It is the precision required for the numerical version of the algorithm.,None,control,convertfort10.x,,convertfort10_20,convertfort10.f90:192,
nbufd,``integer``,``1024``,Numeric value. You can reduce the size of nbufd for reducing the RAM memory used.,Numeric value. You can reduce the size of nbufd for reducing the RAM memory used.,None,Reduce size of nbufd for reducing the RAM memory used.,None,mesh_info,convertfort10.x,,convertfort10_21,convertfort10.f90:2552,
nx,``integer``,``0``,Numeric value. It is not necessary with optbin=.true. (the mesh is given).,Numeric value. It is not necessary with optbin=.true. (the mesh is given).,None,not necessary with optbin=.true. (the mesh is given).,None,mesh_info,convertfort10.x,,convertfort10_22,convertfort10.f90:2513,
ny,``integer``,``nx``,WIP,None,None,None,None,mesh_info,convertfort10.x,,convertfort10_23,convertfort10.f90:2536,
nz,``integer``,``ny``,WIP,None,None,None,None,mesh_info,convertfort10.x,,convertfort10_24,convertfort10.f90:2537,
ax,``real*8``,``0``,Numeric value. This is the IMPORTANT section you have always to define (the default is OK for the rest) use DFT mesh as an hint.,Numeric value. This is the IMPORTANT section you have always to define (the default is OK for the rest) use DFT mesh as an hint.,None,None,None,mesh_info,convertfort10.x,,convertfort10_25,convertfort10.f90:2516,
ay,``real*8``,``ax``,WIP,None,None,None,None,mesh_info,convertfort10.x,,convertfort10_26,convertfort10.f90:2544,
az,``real*8``,``ay``,WIP,None,None,None,None,mesh_info,convertfort10.x,,convertfort10_27,convertfort10.f90:2548,
add_onebody2det,``logical``,"- ``.true.`` if n_body_on /= 0
- ``.false.`` if n_body_on == 0
",WIP,None,None,None,None,mesh_info,convertfort10.x,,convertfort10_28,"convertfort10.f90:2521 -- 2525, 274",
shift_origin,``logical``,``.true.``,WIP,None,None,None,None,mesh_info,convertfort10.x,,convertfort10_29,convertfort10.f90:2526,
shiftx,``logical``,``.false.``,WIP,None,None,None,None,mesh_info,convertfort10.x,,convertfort10_30,convertfort10.f90:2527,
shifty,``logical``,``.false.``,WIP,None,None,None,None,mesh_info,convertfort10.x,,convertfort10_31,convertfort10.f90:2528,
shiftz,``logical``,``.false.``,WIP,None,None,None,None,mesh_info,convertfort10.x,,convertfort10_32,convertfort10.f90:2529,
mixing,``real(8)``,"- ``0.25d0`` if typeopt == 2
- ``0.25d0`` if typeopt == 0
- ``1.d0`` if typeopt == 4
- ``0.01d0`` otherwise
","Choose a small value for better convergence. If even in this way it does not converge, switch on the smearing technique setting ``optocc=1`` (suggested for open shell systems). Alternatively you can change iteration method with ``typeopt=3`` (conjugate gradients) which will certainly converge for mixing small enough. In these cases mixing means just the maximum amplitude in the step.","Choose a small value for better convergence. If even in this way it does not converge, switch on the smearing technique setting ``optocc=1`` (suggested for open shell systems). Alternatively you can change iteration method with ``typeopt=3`` (conjugate gradients) which will certainly converge for mixing small enough. In these cases mixing means just the maximum amplitude in the step.",Mixing in the density (DOUBLE).,".. code-block:: text

    ! Linear simple mixing parameter in the density. Choose a small value for better convergence. If even in this way it
    ! does not converge, switch on the smearing technique setting optocc=1 (suggested for open shell systems).
    ! Alternatively you can change iteration method with typeopt=3 (conjugate gradients) which will certainly converges
    ! for mixing small enough. In these cases mixing means just the maximum amplitude in the step.
",None,DFT,prep.x,,prep_01,"setup.f90:389, 937 -- 951",
typedft,``integer``,"- if (abs(typedft) == 4 or abs(typedft) == 5) and (symmagp is .false. or ipc == 2)
  + ``1``

- otherwise

  + ``1`` if typedft == 4
  + ``-1`` if typedft == -4
  + ``3`` if typedft == 5
  + ``-3`` if typedft == -5
  + ``2`` otherwise","- ``typedft = 0``: DFT calculation with Hartree potential only.
- ``typedft = 1``: LDA (PZ 1981).
- ``typedft = 2``: LDA (OB 1994).
- ``typedft = -1,-2``: Same as the two above, but with the corresponding fit performed by imposing continuity in the correlation energy at :math:`rs = 1`.
- ``typedft = 3``: KZK finite volume DFT: should be more accurate for finite volume.
- ``typedft = -3``: Different fitting procedure, suitable for open systems. Could be used with periodic systems too, but it is less stable.
- ``typedft = 4``: Standard LSDA.
- ``typedft = -4``: Standard LSDA, but with the corresponding fit performed by imposing continuity in the correlation energy at :math:`rs = 1`.
- ``typedft = 5``: LSDA + KZK (not applied on spin) (``typedft = -5`` similar to ``typedft = -3``).","- ``typedft = 0``: DFT calculation with Hartree potential only.
- ``typedft = 1``: LDA (PZ 1981).
- ``typedft = 2``: LDA (OB 1994).
- ``typedft = -1,-2``: Same as the two above, but with the corresponding fit performed by imposing continuity in the correlation energy at :math:`rs = 1`.
- ``typedft = 3``: KZK finite volume DFT: should be more accurate for finite volume.
- ``typedft = -3``: Different fitting procedure, suitable for open systems. Could be used with periodic systems too, but it is less stable.
- ``typedft = 4``: Standard LSDA.
- ``typedft = -4``: Standard LSDA, but with the corresponding fit performed by imposing continuity in the correlation energy at :math:`rs = 1`.
- ``typedft = 5``: LSDA + KZK (not applied on spin) (``typedft = -5`` similar to ``typedft = -3``).","Type of exchange-correlation functional (INTEGER). typedft=0 Hartree, typedft=1 LDA (PZ 1981), typefit=2 LDA (OB 1994). We recommend 1 (PZ-LDA).",".. code-block:: text

    ! =  0 DFT calculation with Hartree potential only.
    ! =  1 LDA (PZ 1981).
    ! =  2 LDA (OB 1994).
    !    NB typedft=1 and typedft=2 differ just in the interpolation of the correlation energy.
    ! = -1,-2 as the two above, but with the corresponding fit performed by imposing continuity in the correlation energy at rs=1.
    ! =  3 KZK finite volume DFT: should be more accurate for finite volume.
    ! = -3 Different fitting procedure, suitable for open systems. Could be used with periodic systems too, but it is less stable.
    ! =  4 LSDA standard ( typedft = -4 as above typedft = -1).
    ! =  5 LSDA + KZK (not applied on spin) (typedft = -5 as typedft = -3).
",None,DFT,prep.x,,prep_02,"setup.f90:390, 984 -- 996",
maxit,``integer``,``100``,Maximum number of iterations in the self-consistent cycle.,Maximum number of iterations in the self-consistent cycle.,Maximun number of SCF iterations (INTEGER).,Maximum number of iterations in the self-consistent cycle.,None,DFT,prep.x,,prep_03,setup.f90:388,
epsdft,``real(8)``,``1.d-7``,Tolerance in the convergence of total energy.,Tolerance in the convergence of total energy.,Tollerance in convergence in total energy (DOUBLE).,Tollerance in the convergence of the total energy.,None,DFT,prep.x,,prep_04,setup.f90:391,
optocc,``integer``,``-1``,"- ``optocc = 0``: Use standard occupation of levels. It works well only for closed shell systems (insulators or special cases). Occupations are read from standard input (see below); the number of occupations read is chosen by the parameter ``nelocc`` (``neloccdo`` for down spin electrons) which must be specified in input. In this case we have ``occupations(1:nelocc) = 2`` for LDA; ``occupations(1:nelocc) = 1`` && ``occupationdo(1:neloccdo) = 1`` for LSDA.
- ``optocc = 1``: Use a smeared Fermi distribution with a spread given by the parameter ``epsshell`` (see below). In this case:  :math:`occupations(i) = \exp{ \frac{eig(i)-ef}{epsshell}+1}` where the Fermi energy :math:`ef` is determined by the constraint, sum(occupations(1:bands)) = no. of electrons via bisection method . For LSDA (``|typedft| = 4, 5``) two Fermi distributions are introduced for up and down electrons. In the case of k-points sampling, the Fermi energy is determined by averaging over :math:`ef` computed for each k-point.","- ``optocc = 0``: Use standard occupation of levels. It works well only for closed shell systems (insulators or special cases). Occupations are read from standard input (see below); the number of occupations read is chosen by the parameter ``nelocc`` (``neloccdo`` for down spin electrons) which must be specified in input. In this case we have ``occupations(1:nelocc) = 2`` for LDA; ``occupations(1:nelocc) = 1`` && ``occupationdo(1:neloccdo) = 1`` for LSDA.
- ``optocc = 1``: Use a smeared Fermi distribution with a spread given by the parameter ``epsshell`` (see below). In this case:  :math:`occupations(i) = \exp{ \frac{eig(i)-ef}{epsshell}+1}` where the Fermi energy :math:`ef` is determined by the constraint, sum(occupations(1:bands)) = no. of electrons via bisection method . For LSDA (``|typedft| = 4, 5``) two Fermi distributions are introduced for up and down electrons. In the case of k-points sampling, the Fermi energy is determined by averaging over :math:`ef` computed for each k-point.","Flag, smearing (Integer). 0: no use (i.e, fixed), 1: use.",".. code-block:: text

    ! =  0 use standard occupation of levels (default). It works well only for closed shell systems (insulators or special cases).
    !    Occupations are read from standard input (see below); the number of occupations read is chosen by the parameter
    !    nelocc (neloccdo for down spin electrons) which must be specified in input. In this case we have that:
    !    occupations(1:nelocc) = 2 for LDA; occupations(1:nelocc) = 1 && occupationdo(1:neloccdo) = 1 for LSDA
    !
    ! =  1 use a smeared Fermi distribution with a spread given by the parameter epsshell (see below). In this case:
    !    occupations(i) = (exp( (eig(i)-ef)/epsshell)+1) where the Fermi energy ef is determined by the constraint
    !    sum(occupations(1:bands)) = #electrons via bisection method. For LSDA (|typedft| = 4,5) two Fermi distributions
    !    are introduced for up and down electrons. In the case of k-points sampling, the Fermi energy is determined
    !    by averaging overef computed for each k-point.
    !
    ! NB: when optocc = 1 the electron occupations are defined up to the number of levels (parameter bands
    !     defined below) that should be appropriately chosen.
",None,DFT,prep.x,,prep_05,setup.f90:392,
typeopt,``integer``,"- ``4`` if no input

- ignore input or above value

   + ``0`` if compute_bands is .true.","- ``typeopt = 0``: Use self consistency method with standard mixing.
- ``typeopt = 2``: Linear mixing scheme.
- ``typeopt = 3``: Conjugate gradients method with SR acceleration.
- ``typeopt = 4``: Anderson mixing scheme with Jacobian acceleration, no use of mixing is made; this method looks to be the faster and therefore the preferred among the available ones. For information on the algorithm see doc/tex/parbcs.tex, Ch. V","- ``typeopt = 0``: Use self consistency method with standard mixing.
- ``typeopt = 2``: Linear mixing scheme.
- ``typeopt = 3``: Conjugate gradients method with SR acceleration.
- ``typeopt = 4``: Anderson mixing scheme with Jacobian acceleration, no use of mixing is made; this method looks to be the faster and therefore the preferred among the available ones. For information on the algorithm see doc/tex/parbcs.tex, Ch. V",None,".. code-block:: text

    ! = 0 use self consistency method with standard mixing.
    ! = 2 linear mixing scheme
    ! = 3 conjugate gradients method with SR acceleration.
    ! = 4 Anderson mixing scheme with Jacobian acceleration, no use of mixing is made; this method looks to be
    !     the faster and therefore the preferred among the availables ones. For information on the algorithm
    !     see doc/parbcs.tex, Ch. V
",None,DFT,prep.x,,prep_06,"setup.f90:394, 1043 -- 1046",
memlarge,``logical``,``.true.``,Optimize speed at the cost of much greater memory requirements. The whole basis set is saved on disk!,Optimize speed at the cost of much greater memory requirements. The whole basis set is saved on disk!,None,memlarge=.true. optimize speed with much greater memory requirements. The whole basis set is saved on disk!,None,DFT,prep.x,,prep_07,setup.f90:395,
epsover,``real(8)``,``1d-13``,Minimum tolerance for the lowest eigenvalues of the overlap matrix. If ``epsover`` < 0  no orthogonalization is implemented (faster but less stable).,Minimum tolerance for the lowest eigenvalues of the overlap matrix. If ``epsover`` < 0  no orthogonalization is implemented (faster but less stable).,None,".. code-block:: text

    Minimum tollerance for the lowest eigenvalues of the overlap matrix. If epsover<0  no orthogonalization is
    ! implemented (faster but less stable).
",None,DFT,prep.x,,prep_08,setup.f90:396,
nelocc,``integer``,``0``,"If ``nelocc`` > 0, it is the number of occupations that are read in the last record of the input file. Occupation values can only be (0,2] (paired orbitals), -1 (unpaired at the end) or 0 (unoccupied). If ``nxs`` :math:`\times` ``nys`` :math:`\times` ``nzs`` > 0 this record is just after the ones to read the input magnetization (see below).","If ``nelocc`` > 0, it is the number of occupations that are read in the last record of the input file. Occupation values can only be (0,2] (paired orbitals), -1 (unpaired at the end) or 0 (unoccupied). If ``nxs`` :math:`\times` ``nys`` :math:`\times` ``nzs`` > 0 this record is just after the ones to read the input magnetization (see below).",The number of occupied spatial orbitals (INTEGER). You should specify this variable and put the occupations explicitly below when you use optocc = 0.,".. code-block:: text

    ! if > 0 (12 in the example below) is the number of occupations that are read in the last record of this input file.
    ! Occupations values can be only (0,2] (paired orbitals), -1 (unpaired at the end) or 0 (unoccupied).
    ! If nxs*nys*nzs>0 this record is just after the ones to read the input magnetization (see below).
",None,DFT,prep.x,,prep_09,setup.f90:400,
neloccdo,``integer``,``0``,"It is similar to ``nelocc`` but for the spin down electrons which are assumed with no unpaired orbitals. Another record with ``neloccdo`` integers be written below. Note that, in this case occupations for up spin can take values 1 (occupied paired orbital), -1 (unpaired), 0 (unoccupied orbital). Instead occupations for down spin electrons can take values 1 (occupied paired orbital) and 0 (unoccupied orbital).","It is similar to ``nelocc`` but for the spin down electrons which are assumed with no unpaired orbitals. Another record with ``neloccdo`` integers be written below. Note that, in this case occupations for up spin can take values 1 (occupied paired orbital), -1 (unpaired), 0 (unoccupied orbital). Instead occupations for down spin electrons can take values 1 (occupied paired orbital) and 0 (unoccupied orbital).",None,".. code-block:: text

    ! if > 0  (0 in the example below) as above but for the spin down electrons which are assumed with no unpaired orbitals.
    ! Another record with neloccdo integers be written below.
    ! NB: in this case occupations for up spin can take values 1 (occupied paired orbital), -1 (unpaired), 0 (unoccupied orbital).
    !     Instead occupations for down spin electrons can take values 1 (occupied paired orbital) and 0 (unoccupied orbital).
",None,DFT,prep.x,,prep_10,setup.f90:401,
bands,``integer``,"- ``2*neldo + nelup - neldo`` if no input
- with input value or above value

  + ``2*neldo + nelup - neldo`` if bands < nelup
  + ``nelocc`` if nelocc /= 0 and bands < nelocc
  + ``nelorbh`` if bands > nelorbh and contracted_on is .false.
  + ``nelorb_at`` if bands > nelorb_at and contracted_on is .true.",The number of lowest eigenvalues of Khon-Sham equations to be evaluated. By default ``bands = nelup + 7`` where ``nelup`` is the number of spin up electrons. This corresponds to assuming at most an 8-fold degenerancy in the last occupied shell.,The number of lowest eigenvalues of Khon-Sham equations to be evaluated. By default ``bands = nelup + 7`` where ``nelup`` is the number of spin up electrons. This corresponds to assuming at most an 8-fold degenerancy in the last occupied shell.,None,".. code-block:: text

    !bands=(#electron up)+7 ! The number of lowest eigenvalues of Khon-Sham equations to be evaluated. Default bands=nelup (the number of
    ! spin up electrons) + 7. This corresponds to assume at most an 8-fold degenerancy in the last occupied shell.
",None,DFT,prep.x,,prep_11,"setup.f90:402, 524 -- 527, 919 -- 931",
mixingder,``real(8)``,"- if no input

  + ``0.05d0`` if typeopt is even
  + ``100.0d0`` if typeopt is odd

- with input or above value

  + ``abs(mixingder)`` if mixingder < 0","- Case 1 (``typeopt = 3``): Used to evaluate numerically the first and second derivatives.
- Case 2 (``typeopt = 4``): Used to be closer to the linear regime for the evaluation of the Jacobian (``mixingder`` << 1).","- Case 1 (``typeopt = 3``): Used to evaluate numerically the first and second derivatives.
- Case 2 (``typeopt = 4``): Used to be closer to the linear regime for the evaluation of the Jacobian (``mixingder`` << 1).",None,".. code-block:: text

    ! Used only with typeopt=3/4.
    ! typeopt=3: used to evaluate numerically the first and second derivatives.
    ! typeopt=4: used to be closer to the linear regime for the evaluation of the Jacobian (mixingder<<1).
",None,DFT,prep.x,,prep_12,"setup.f90:403, 959 -- 968",
epssr,``real(8)``,"- ``0`` if typeopt is even
- ``-1`` if typeopt is odd and no input",WIP,None,None,None,None,DFT,prep.x,,prep_13,"setup.f90:398, 999 -- 1005",
maxcg,``integer``,``40``,With ``typeopt = 3`` (conjugate gradient) each ``maxcg`` steps restart the conj. grad. procedure. If ``maxcg = 0`` no restarting is performed (discouraged since numerically unstable).,With ``typeopt = 3`` (conjugate gradient) each ``maxcg`` steps restart the conj. grad. procedure. If ``maxcg = 0`` no restarting is performed (discouraged since numerically unstable).,None,".. code-block:: text

    With typeopt = 3 (conjugate gradient) each maxcg steps restart the conj. grad. procedure.
    ! If maxcg=0 no restarting is performed (discouraged since numerically unstable).
",None,DFT,prep.x,,prep_14,setup.f90:404,
weightcorr,``real(8)``,``1.d0``,"Weight of the correlation energy, e.g. ``weightcorr`` :math:`= 0` no correlation, ``weightcorr`` :math:`= 1` standard LDA.","Weight of the correlation energy, e.g. ``weightcorr`` :math:`= 0` no correlation, ``weightcorr`` :math:`= 1` standard LDA.",None,"weight of the correlation energy, e.g. weightcorr=0 no correlation, weightcorr=1 standard LDA.",None,DFT,prep.x,,prep_15,setup.f90:405,
weightxc,``real(8)``,``1.d0``,Weight of the exchange energy. When ``weightxc`` :math:`= 0` no exchange and when :math:`weightcorr = 1` standard LDA is used.,Weight of the exchange energy. When ``weightxc`` :math:`= 0` no exchange and when :math:`weightcorr = 1` standard LDA is used.,None,"weight of the exchange  energy, e.g. weightxc=0 no exchange. weightcorr=1 standard LDA.",None,DFT,prep.x,,prep_16,setup.f90:407,
maxold,``integer``,``3``,The number of previous iterations to be considered in the numerical evaluation of Jacobian with ``typeopt = 4``.,The number of previous iterations to be considered in the numerical evaluation of Jacobian with ``typeopt = 4``.,None,".. code-block:: text

    ! Maximum number of previous iterations to be considered in the numerical evaluation of Jacobian with typeopt=4. For each
    ! iteration considered the whole charge density must be stored in memory.
",None,DFT,prep.x,,prep_17,setup.f90:417,
epsshell,``real(qp)``,"- ``0.005d0`` if no input
- ignore input or above value

  + ``0.0d0`` if optocc == 0",Spread of the Fermi distribution used when ``optocc = 1``. The unit is Ha.,Spread of the Fermi distribution used when ``optocc = 1``. The unit is Ha.,None,spread of the Fermi distribution used when optocc = 1.,None,DFT,prep.x,,prep_18,"setup.f90:406, 1010 -- 1014",
weightvh,``real(8)``,``1.d0``,Weight of the hartree potential. Setting ``weightvh`` :math:`\neq 1` is used just for testing.,Weight of the hartree potential. Setting ``weightvh`` :math:`\neq 1` is used just for testing.,None,weight of the hartree potential. Setting weight=/1 is used just for tests.,None,DFT,prep.x,,prep_19,setup.f90:408,
orthodiag,``logical``,``.false.``,``.false.`` the Kohn-Sham eigenvectors are not orthogonalized after each Hamiltonian diagonalization.,``.false.`` the Kohn-Sham eigenvectors are not orthogonalized after each Hamiltonian diagonalization.,None,".. code-block:: text

    ! By default do not orthogonalize the Kohn-Sham eigenvectors after each Hamiltonian diagonalization.
    ! If set to .true. the code is more accurate but slower, although sometimes it can help to improve convergence.
",None,DFT,prep.x,,prep_20,setup.f90:393,
mincond,``integer``,``1``,Disregard the first ``mincond``-1 direction regardless of the condition number limited by ``epsover``. This is useful to have better cancellation errors as a function e.g. of pressure.,Disregard the first ``mincond``-1 direction regardless of the condition number limited by ``epsover``. This is useful to have better cancellation errors as a function e.g. of pressure.,None,".. code-block:: text

    ! Disregard the first mincond-1 direction regardless of the condition number limited by epsover. This is useful to
    ! have better cancellation errors as a function e.g. of pressure.
",None,DFT,prep.x,,prep_21,setup.f90:397,
randspin,``real(8)``,"- if no input

  + ``0.d0`` if iopt == 0
  + ``-1.d0`` if iopt /= 0","Used for initializing magnetization. If ``randspin`` > 0, add random component to the orbitals. If ``randspin`` < 0 initialize with maximum possible spin given density and grid (see below). If zero no action.","Used for initializing magnetization. If ``randspin`` > 0, add random component to the orbitals. If ``randspin`` < 0 initialize with maximum possible spin given density and grid (see below). If zero no action.",None,".. code-block:: text

    used for initializing magnetization. If > 0, add random component to the orbitals.
    if < 0 initialize with maximum possible spin given density and grid (see below). if zero no acrion.
",None,DFT,prep.x,,prep_22,setup.f90:409 -- 414,
nzs,``integer``,``1``,"Dimension of the grid where the magnetization is defined along the :math:`x`, :math:`y`, :math:`z` direction. The format is written below.

Additional information:

- ``nxs`` ``nys`` ``nzs``

  Dimension of the grid where the magnetization is defined along the :math:`x`, :math:`y`, :math:`z` direction:
  The format is

  .. code-block:: bash

        !  After ""/"" or ""occupation list""
        ! # empty line
        ! s111 s211 s311 ... snxs11
        ! s121 s221 s321 ... snxs11
        ! s1nys1 ... ... ... snxsnys1
        ! # empty line
        ! s112 s212 s312 ... snxs12
        ! ...
        ! # empty line
        ! s11nzs s21nzs s31nzs ... snxs1nzs
        ! ...
        ! s1nysnzs ... ... ... snxsnysnzs
","Dimension of the grid where the magnetization is defined along the :math:`x`, :math:`y`, :math:`z` direction. The format is written below.

Additional information:

- ``nxs`` ``nys`` ``nzs``

  Dimension of the grid where the magnetization is defined along the :math:`x`, :math:`y`, :math:`z` direction:
  The format is

  .. code-block:: bash

        !  After ""/"" or ""occupation list""
        ! # empty line
        ! s111 s211 s311 ... snxs11
        ! s121 s221 s321 ... snxs11
        ! s1nys1 ... ... ... snxsnys1
        ! # empty line
        ! s112 s212 s312 ... snxs12
        ! ...
        ! # empty line
        ! s11nzs s21nzs s31nzs ... snxs1nzs
        ! ...
        ! s1nysnzs ... ... ... snxsnysnzs
",None,z mesh,None,DFT,prep.x,,prep_23,"setup.f90:418, 916 -- 918",
nys,``integer``,``1``,"Dimension of the grid where the magnetization is defined along the :math:`x`, :math:`y`, :math:`z` direction. The format is written below.

Additional information:

- ``nxs`` ``nys`` ``nzs``

  Dimension of the grid where the magnetization is defined along the :math:`x`, :math:`y`, :math:`z` direction:
  The format is

  .. code-block:: bash

        !  After ""/"" or ""occupation list""
        ! # empty line
        ! s111 s211 s311 ... snxs11
        ! s121 s221 s321 ... snxs11
        ! s1nys1 ... ... ... snxsnys1
        ! # empty line
        ! s112 s212 s312 ... snxs12
        ! ...
        ! # empty line
        ! s11nzs s21nzs s31nzs ... snxs1nzs
        ! ...
        ! s1nysnzs ... ... ... snxsnysnzs
","Dimension of the grid where the magnetization is defined along the :math:`x`, :math:`y`, :math:`z` direction. The format is written below.

Additional information:

- ``nxs`` ``nys`` ``nzs``

  Dimension of the grid where the magnetization is defined along the :math:`x`, :math:`y`, :math:`z` direction:
  The format is

  .. code-block:: bash

        !  After ""/"" or ""occupation list""
        ! # empty line
        ! s111 s211 s311 ... snxs11
        ! s121 s221 s321 ... snxs11
        ! s1nys1 ... ... ... snxsnys1
        ! # empty line
        ! s112 s212 s312 ... snxs12
        ! ...
        ! # empty line
        ! s11nzs s21nzs s31nzs ... snxs1nzs
        ! ...
        ! s1nysnzs ... ... ... snxsnysnzs
",None,y mesh,None,DFT,prep.x,,prep_24,"setup.f90:419, 913 -- 915",
nxs,``integer``,``1``,"Dimension of the grid where the magnetization is defined along the :math:`x`, :math:`y`, :math:`z` direction. The format is written below.

Additional information:

- ``nxs`` ``nys`` ``nzs``

  Dimension of the grid where the magnetization is defined along the :math:`x`, :math:`y`, :math:`z` direction:
  The format is

  .. code-block:: bash

        !  After ""/"" or ""occupation list""
        ! # empty line
        ! s111 s211 s311 ... snxs11
        ! s121 s221 s321 ... snxs11
        ! s1nys1 ... ... ... snxsnys1
        ! # empty line
        ! s112 s212 s312 ... snxs12
        ! ...
        ! # empty line
        ! s11nzs s21nzs s31nzs ... snxs1nzs
        ! ...
        ! s1nysnzs ... ... ... snxsnysnzs
","Dimension of the grid where the magnetization is defined along the :math:`x`, :math:`y`, :math:`z` direction. The format is written below.

Additional information:

- ``nxs`` ``nys`` ``nzs``

  Dimension of the grid where the magnetization is defined along the :math:`x`, :math:`y`, :math:`z` direction:
  The format is

  .. code-block:: bash

        !  After ""/"" or ""occupation list""
        ! # empty line
        ! s111 s211 s311 ... snxs11
        ! s121 s221 s321 ... snxs11
        ! s1nys1 ... ... ... snxsnys1
        ! # empty line
        ! s112 s212 s312 ... snxs12
        ! ...
        ! # empty line
        ! s11nzs s21nzs s31nzs ... snxs1nzs
        ! ...
        ! s1nysnzs ... ... ... snxsnysnzs
",None,".. code-block:: text

    ! dimension of the grid where the magnetization is defined on the x direction: x mesh.
    ! After ""/"" or ""&end"" read (nys+1)*(nzs-1)+nys records in the form sxyz=+/-1,0 where 1 = Sz>0,-1 = Sz<0, 0 = Sz=0
    ! s111 s211 s311 ... snxs11
    ! s121 s221 s321 ... snxs11
    ! s1nys1 ... ... ... snxsnys1
    ! # empty line
    ! s112 s212 s312 ... snxs12
    ! ...
    ! # empty line
    ! s11nzs s21nzs s31nzs ... snxs1nzs
    ! ...
    ! s1nysnzs ... ... ... snxsnysnzs
",None,DFT,prep.x,,prep_25,"setup.f90:420, 909 -- 912",
jaccond,``real(8)``,``0.d0``,Minimum threshold for the condition matrix in the self-consistent approach ``typeopt = 4``.,Minimum threshold for the condition matrix in the self-consistent approach ``typeopt = 4``.,None,minimum threshold for the condition matrix in the self-consistent approach typeopt=4.,None,DFT,prep.x,,prep_26,setup.f90:421,
h_field,``real(8)``,``0.d0``,If ``h\_field`` > (<) 0 put a magnetic field increasing (decreasing) the magnetization with the staggering given by the table sxyz defined for ``randspin``.,If ``h\_field`` > (<) 0 put a magnetic field increasing (decreasing) the magnetization with the staggering given by the table sxyz defined for ``randspin``.,None,".. code-block:: text

! if h_field >(<) 0 put a magnetic field increasing (decreasing) the magnetization with the staggering given by the
! table sxyz defined for randspin.
",None,DFT,prep.x,,prep_27,setup.f90:,
eps_mach,``real(8)``,- ``DLAMCH('E')`` (defined in `lapack`) if no input,WIP,None,None,None,None,DFT,prep.x,,prep_28,"setup.f90:399, 933 -- 936",
nc,``integer``,``-1``,WIP,None,None,None,None,DFT,prep.x,,prep_29,setup.f90:422,
rmax,``real*8``,``0.d0``,WIP,None,None,None,None,DFT,prep.x,,prep_30,setup.f90:423,
write_den,``logical``,``.false.``,If ``.true.`` write the overlap matrix elements for effective Hamiltonian calculations to the disk.,If ``.true.`` write the overlap matrix elements for effective Hamiltonian calculations to the disk.,None,if .true. print the total charge density on a formatted file at the end of the self-consistent calculation.,None,DFT,prep.x,,prep_31,setup.f90:424,
contracted_on,``logical``,``.false.``,If ``.true.`` it acts on the contracted basis (considerably faster).,If ``.true.`` it acts on the contracted basis (considerably faster).,None,If .true. it acts in the contracted basis (considerably faster). Otherwise it acts in the uncontracted basis.,None,DFT,prep.x,,prep_32,setup.f90:425,
task,"``integer``
",``0``,WIP,None,None,None,request band structure plot,DFT,prep.x,,prep_33,setup.f90:432,
deltaE,``real(8)``,``0.d0``,WIP,None,None,None,None,DFT,prep.x,,prep_34,setup.f90:435,
emin,``real(8)``,``0.d0``,WIP,None,None,None,None,DFT,prep.x,,prep_35,setup.f90:433,
emax,``real(8)``,``0.d0``,WIP,None,None,None,None,DFT,prep.x,,prep_36,setup.f90:434,
optimize_overs,"``logical``

","- if no input

  + ``.true.`` if double_overs is .false.

- ignore input or above value

  + ``.false.`` if double_overs is .true.",If ``.true.`` optimize the overlap matrices calculation if the phase for spin down electrons is equal or opposite to the phase for up spin electrons. Otherwise it is automatically set to ``.false.``.,If ``.true.`` optimize the overlap matrices calculation if the phase for spin down electrons is equal or opposite to the phase for up spin electrons. Otherwise it is automatically set to ``.false.``.,None,".. code-block:: text

    ! if .true. optimize overlap matrices calculation if the phase for spin down electrons is equal or opposite
    ! to the phase for up spin electrons. Otherwise it is automatically set to .false.
",None,DFT,prep.x,,prep_37,"setup.f90:426, 1219 -- 1223",
shift_origin,``logical``,"- if no input

  + ``.true.`` if skip_equivalence is .true. or yes_tilted is .true.
  + ``.false.`` otherwise",WIP,None,None,None,None,DFT,prep.x,,prep_38,setup.f90:453 -- 457,
try_translation,``logical``,``.true.``,WIP,None,None,None,None,DFT,prep.x,,prep_39,setup.f90:463,
zero_jas,``logical``,``.false.``,If ``.true.`` set the one-body Jastrow to zero at the end of the DFT calculation.,If ``.true.`` set the one-body Jastrow to zero at the end of the DFT calculation.,None,set the one-body Jastrow to zero at the end of the DFT calculation,None,DFT,prep.x,,prep_40,setup.f90:473,
write_matrix,``logical``,``.false.``,WIP,None,None,write on file the overlap matrix elements for effective Hamiltonian calculations,None,DFT,prep.x,,prep_41,setup.f90:474,
fix_density,``logical``,"-``.false.`` if no input
- ignore input

  + ``.false.`` if decoupled_run is .false.
","If the flag ``decoupled_run`` is set to ``.true.`` (&parameters card) as well as the ``yes_kpoints`` flag (&kpoints card), the k-points are evolved independently but using the averaged electronic density.","If the flag ``decoupled_run`` is set to ``.true.`` (&parameters card) as well as the ``yes_kpoints`` flag (&kpoints card), the k-points are evolved independently but using the averaged electronic density.",None,".. code-block:: text

    ! if the flag decoupled_run is set to .true. (&parameters card) as well as the yes_kpoints flag
    ! (&kpoints card) the k-points are evolved independently but using the averaged electronic
    ! density.
",None,DFT,prep.x,,prep_42,"setup.f90:428, 1057 -- 1061",
newj_onebody,``real(8) :: newj_onebody(100)``,"``-1.d0``


",WIP,None,None,None,None,DFT,prep.x,,prep_43,setup.f90:429,
setj_onebody,``real(8) :: setj_onebody(100)``,``-1.d0``,WIP,None,None,None,None,DFT,prep.x,,prep_44,setup.f90:430,
h_charge,``real(8)``,``0.d0``,WIP,None,None,None,None,DFT,prep.x,,prep_45,setup.f90:416,
shiftx,``logical``,``.false.``,WIP,None,None,None,None,DFT,prep.x,,prep_46,setup.f90:459,
shifty,``logical``,``.false.``,WIP,None,None,None,None,DFT,prep.x,,prep_47,setup.f90:,
shiftz,``logical``,``.false.``,WIP,None,None,None,None,DFT,prep.x,,prep_48,setup.f90:,
l0_at,``real(8)``,``1.d0``,WIP,None,None,None,".. code-block:: text

        1. Default case ``from_ions=.true.``

    ``l0_at``: (real, a.u. Bohr) all atoms satisfying the above condition are considered with the more accurate mesh
    in a cubic  box of size  :math:`(Lx,Ly,Lz) = (2*l0\_at,2*l0\_at,2*l0\_at)` centered around the atom.
    Default reasonable input is ``l0_at`` = 1 a.u.
",DFT,prep.x,,prep_49,setup.f90:441,
scale_z,``integer``,"- if no input

  + ``2`` if double_mesh is .true.
  + ``1`` if double_mesh is .false.",WIP,None,None,None,".. code-block:: text

    1. Default case ``from_ions=.true.``
    ``scale_z``: (integer) a mesh with smaller lattice spacing :math:`\frac{ax}{scale\_z}`, :math:`\frac{ay}{scale\_z}`, :math:`\frac{az}{scale\_z}`
    is used for all the atoms with valence charge >= ``minz_at`` (see below)
",DFT,prep.x,,prep_50,setup.f90:443 -- 447,
linear,``logical``,``.false.``,WIP,None,None,None,None,DFT,prep.x,,prep_51,setup.f90:436,
corr_hartree,``logical``,"- ``.true.``` if no input
- ignore input or above value

  +  ``.false.`` if do_hartree is .true. or double_mesh is .false.
",WIP,None,None,None,None,DFT,prep.x,,prep_52,"setup.f90:465 -- 471, 655 -- 659",
rion_from,``real(8) :: rion_from(3)``,automatic,WIP,None,None,,".. code-block:: text

    2. ``from_ions= .false.``

    ``rion_from`` [1:3] (real, a.u. Bohr) by default is the center of the system defined as
    :math:`\frac{1}{N} \sum_{i=1}^{N} R_i` where N is the number of atoms and :math:`R_i` the corresponding positions.
",DFT,prep.x,,prep_53,"prep.f90:111, setup.f90:195, 475, prep.f90:186, initialize_environment.f90:16, 92, 686, 816 -- 821",
minz_at,``real(8)``,``-1.d0``,WIP,None,None,None,".. code-block:: text

1. Default case ``from_ions=.true.``

``minz_at``:  (real) default case -1 (all atoms are dealt with finer mesh).
",DFT,prep.x,,prep_54,setup.f90:442,
vmax0_in,``real(8)``,``-100.d0``,WIP,None,None,None,None,DFT,prep.x,,prep_55,setup.f90:476,
nx_at,``integer``,automatic,WIP,None,None,None,".. code-block:: text

    1. Default case ``from_ions=.true.``

    ``nx_at``, ``ny_at``, ``nz_at``: Alternatively one considers the box :math:`(Lx,Ly,Lz) = (nx\_at*ax, ny\_at*ay, nz\_at*az)`,
    where ``ax``, ``ay``, ``az`` is the original mesh. If ``nx_at`` in input is set, ``l0_at`` is not considered.

    2. ``from_ions= .false.``

    This can be useful for instance for planar and linear molecules when there is a lot of space
    around, that can be dealt with a more sparse mesh.
    ``nx_at``, ``ny_at``, ``nz_at`` define the box centered now with respect to ``rion_from``
",DFT,prep.x,,prep_56,"setup.f90:438, 521",
ny_at,``integer``,automatic,WIP,None,None,None,".. code-block:: text

    1. Default case ``from_ions=.true.``

    ``nx_at``, ``ny_at``, ``nz_at``: Alternatively one considers the box :math:`(Lx,Ly,Lz) = (nx\_at*ax, ny\_at*ay, nz\_at*az)`,
    where ``ax``, ``ay``, ``az`` is the original mesh. If ``nx_at`` in input is set, ``l0_at`` is not considered.

    2. ``from_ions= .false.``

    This can be useful for instance for planar and linear molecules when there is a lot of space
    around, that can be dealt with a more sparse mesh.
    ``nx_at``, ``ny_at``, ``nz_at`` define the box centered now with respect to ``rion_from``
",DFT,prep.x,,prep_57,"setup.f90:439, 492 -- 495, 522",
nz_at,``integer``,automatic,WIP,None,None,None,".. code-block:: text

    1. Default case ``from_ions=.true.``

    ``nx_at``, ``ny_at``, ``nz_at``: Alternatively one considers the box :math:`(Lx,Ly,Lz) = (nx\_at*ax, ny\_at*ay, nz\_at*az)`,
    where ``ax``, ``ay``, ``az`` is the original mesh. If ``nx_at`` in input is set, ``l0_at`` is not considered.

    2. ``from_ions= .false.``

    This can be useful for instance for planar and linear molecules when there is a lot of space
    around, that can be dealt with a more sparse mesh.
    ``nx_at``, ``ny_at``, ``nz_at`` define the box centered now with respect to ``rion_from``
",DFT,prep.x,,prep_58,"setup.f90:440, 496 -- 499, 523",
from_ions,``logical``,``.true.``,WIP,None,None,None,".. code-block:: text

    ``from_ions`` (logical) if true (default), a finer  mesh (more accurate) is considered around the nuclei,
        and if false a region where the mesh is finer is given in input (see below).
",DFT,prep.x,,prep_59,setup.f90:437,
scale_hartree,``real(8)``,"- if no input

  + ``1.d0`` if double_mesh is .true.
  + ``-1.d0`` if double_mesh is .false.",WIP,None,None,None,None,DFT,prep.x,,prep_60,setup.f90:465 -- 471,
do_hartree,``logical``,"- ``.false.`` if no input
- ignore input

  + ``.false.`` if double_mesh is .false.
",WIP,None,None,None,None,DFT,prep.x,,prep_61,"setup.f90:464, 660 -- 665",
nproc_fft,``integer``,``maxdiv``,WIP,None,None,None,None,DFT,prep.x,,prep_62,"setup.f90:477, 668 -- 706",
tfcut (nonexistent),NA,NA,Used only with ``typeopt = 0/2/4``. It is used for preconditioning to improve convergence of small q charge fluctuations. Suggested value of ``tfcut`` :math:`= \frac{1}{{xi_{TF}}^2}`  where :math:`xi` is the Thomas-Fermi length expressed in a.u.,Used only with ``typeopt = 0/2/4``. It is used for preconditioning to improve convergence of small q charge fluctuations. Suggested value of ``tfcut`` :math:`= \frac{1}{{xi_{TF}}^2}`  where :math:`xi` is the Thomas-Fermi length expressed in a.u.,None,".. code-block:: text

    Used only with typeopt=0/2/4. Use preconditioning to improve convergence of small q charge fluctuations. Value of tfcut
    ! suggested = 1/ xi_TF^2  where xi is the Thomas-Fermi length expressed in a.u.
",None,DFT,prep.x,,prep_63,NA,
task,"``integer``
",``0``,".. code-block:: text

    Flag to specify which quantity to compute after a non self-consistent run. It is ignored if ``type_comp_dft = 0``.
      ``task = 0`` Do not compute anything.
      ``task = 1`` Band structure plot (use ``kp_type = 2/3`` in the k-points card to specify the path in the Brillouin zone).
      ``task = 2`` Density of States calculations using smearing parameter given by ``epsshell``. The integer ``optocc`` must be set to 1.
",".. code-block:: text

    Flag to specify which quantity to compute after a non self-consistent run. It is ignored if ``type_comp_dft = 0``.
      ``task = 0`` Do not compute anything.
      ``task = 1`` Band structure plot (use ``kp_type = 2/3`` in the k-points card to specify the path in the Brillouin zone).
      ``task = 2`` Density of States calculations using smearing parameter given by ``epsshell``. The integer ``optocc`` must be set to 1.
",None,".. code-block:: text

    ! Flag to specify which quantity compute after a non self-consistent run. It is ignored if type_comp_dft=0.
    ! = 0 do not compute anything.
    ! = 1 band structure plot (use kp_type = 2/3 in the k-points card to specify the path in the Brillouin zone).
    ! = 2 Density of States calculations using smearing parameter given by epsshell. The integer optocc must be set to 1.
",None,band_structure,prep.x,,prep_64,setup.f90:432,
deltaE,``real(8)``,``0.d0``,Energy bin for computing the density of states (task = 2).,Energy bin for computing the density of states (task = 2).,None,energy bin for computing the density of states (task = 2).,None,band_structure,prep.x,,prep_65,setup.f90:435,
emin,``real(8)``,``0.d0``,min(eigenvalue): minimum value of the energy to be included in band structure or DOS plot.,min(eigenvalue): minimum value of the energy to be included in band structure or DOS plot.,None,emin = min(eigenvalue) ! minimum value of the energy to be included in band structure or DOS plot.,None,band_structure,prep.x,,prep_66,setup.f90:433,
emax,``real(8)``,``0.d0``,max(eigenvalue): maximum value of the energy to be included in band structure or DOS plot.,max(eigenvalue): maximum value of the energy to be included in band structure or DOS plot.,None,emax = max(eigenvalue) ! maximum value of the energy to be included in band structure or DOS plot.,None,band_structure,prep.x,,prep_67,setup.f90:434,
occupations,"``real(8), dimension(:), allocatable`` :: occupations",automatic,WIP,None,2 in the last line. This indicates the number of electrons occupying each electron orbital.,None,None,lastline_of_file,prep.x,,prep_68,"initialize_environment.f90:245 -- 249, 429, 532, 539, 576 -- 587, upocc_kpoints.f90:130 -- 150, 294, 337 -- 434, 388 -- 401",
ngen,``integer``,``0``,WIP,None,None,None,".. code-block:: text

    In the input ``readforward.input`` you can modify the number ``ngen`` of vmc steps
    used in the correlated sampling (it  can be smaller than the total one defined
    in ``datasvmc.input``).
",simulation,readforward.x,,readforward_01,read_corr_fun.f90:77,
iopt,``integer``,``1``,WIP,None,None,None,None,simulation,readforward.x,,readforward_02,read_corr_fun.f90:78,
longio,``logical``,``.false.``,WIP,None,None,None,None,simulation,readforward.x,,readforward_03,read_corr_fun.f90:149,
decouple_k,``logical``,``.true.``,WIP,None,None,None,None,simulation,readforward.x,,readforward_04,read_corr_fun.f90:75,
decouple_files,``logical``,``.false.``,WIP,None,None,None,None,simulation,readforward.x,,readforward_05,read_corr_fun.f90:76,
ncell,``integer :: ncell(3)``,``ncell(1:3) = 1``,WIP,None,None,None,".. code-block:: text

    ! you can change the periodicity defined by cellscale by reducing the
    ! default cellscale by a given FACTOR (ncell is the rescaling FACTOR in each direction)

    ! The correlation functions will be computed in the box whose
    ! intervals are [-ell(x)/2,ell(x)/2][-ell(y)/2,ell(y)/2][-ell(z)/2,ell(z)/2]
    ! with ell(i) = min ( ell(i), cellscale(i)/ncell(i) )
",system,readforward.x,,readforward_06,read_corr_fun.f90:83,
ell,``real*8 :: ell(3)``,automatic,WIP,None,None,None,".. code-block:: text

    ! user defined box size
    ! the standard (default) box size is set by fort.10 in pbc
    ! for open systems the default is the one which is CUBIC with density r_s=1
",system,readforward.x,,readforward_07,"read_corr_fun.f90:82, 93 -- 133",
center_type,``integer``,``1``,WIP,None,None,None,None,system,readforward.x,,readforward_08,read_corr_fun.f90:87,
starting_point,``double precision :: starting_point(3)``,``starting_point(:) = 0``,WIP,None,None,None,None,system,readforward.x,,readforward_09,read_corr_fun.f90:88,
da,``real*8 :: da(3)``,``da(:) = 0``,WIP,None,None,None,None,system,readforward.x,,readforward_10,read_corr_fun.f90:89,
extr_point,``real*8 :: extr_point(3)``,``extr_point(:) = 0``,WIP,None,None,None,None,system,readforward.x,,readforward_11,read_corr_fun.f90:86,
n_extr_points,``integer``,``0``,WIP,None,None,None,None,system,readforward.x,,readforward_12,read_corr_fun.f90:85,
corr_factors,``integer``,``0``,WIP,None,None,".. code-block:: text

    # EXAMPLE FOR BERRY PHASE CALCULATION
    #The output is made of 6 number :
    #< exp(i 2pi/Lmu  x_mu) > Real,Imag, mu=1,2,3
    #If you want to do forward walking with LRDMC you should as usual define fwd_propagation (forward walking propagations) and corr_factors (small same meaning
    #as for the energy with readf, it is just the population control bias).
",".. code-block:: text

    ! correcting factors to reduce the finite population bias
    ! default value corr_factors=0
",corrfun,readforward.x,,readforward_13,read_corr_fun.f90:170,
fwd_propagations,``integer``,``0``,WIP,None,None,None,".. code-block:: text

    ! forward propagation steps
    ! default value fwd_propagations=0
",corrfun,readforward.x,,readforward_14,read_corr_fun.f90:171,
bin_length,``integer``,``ngen/100``,WIP,None,None,None,".. code-block:: text

    default value bin_length = ngen/100
",corrfun,readforward.x,,readforward_15,read_corr_fun.f90:172,
initial_bin,``integer``,``2``,WIP,None,None,None,default value initial_bin = 2,corrfun,readforward.x,,readforward_16,read_corr_fun.f90:173,
fwd_skip,``integer``,``1``,WIP,None,None,None,".. code-block:: text

    ! perform  the calculation of forwarded avergages each fwd_skip propagation steps
    ! default value fwd_skip = 1

    ! Note: if you run a VMC simulation, use the default values for corr_factors
    ! fwd_propagations, while the fwd_skip is irrelevant.
    ! If you run a DMC/LRDMC simulation, you can both correct for
    ! the population bias and the mixed average bias.
    ! Be aware that the forward walking technique can be
    ! very expensive. In order to reduce the total time,
    ! use the skip parameter fwd_skip >1. In this way, you compute the
    ! obervables after EVERY ""fwd_skip"" forwarded time steps,
    ! by gaining a factor ""fwd_skip"" in the whole time.
    ! Note that the ""fwd_skip"" option acts in the forwarded time space, not in
    ! the number of generations.
",corrfun,readforward.x,,readforward_17,read_corr_fun.f90:174,
corrfun_dim,``integer``,``3``,WIP,None,None,In this case the output will be also standard xcrysden plots,".. code-block:: text

    ! active dimension of the correlation function.
    ! one can perform calculations of the linear (corrfun_dim=1),
    ! surface (corrfun_dim=2), or volume (corrfun_dim=3) quantities
    ! default value corrfun_dim=3
",corrfun,readforward.x,,readforward_18,read_corr_fun.f90:175,
k_cutoff,``real*8``,``3.d0``,WIP,None,None,None,".. code-block:: text

    ! max cutoff in k space to compute S(k)
    ! the k grid is chosen such that the vectors are
    ! k = (nx 2 Pi/ Lx, ny 2 Pi/ Ly, nz 2 Pi/ Lz)
    ! (:math:`|nxmax|`, :math:`|nymax|`, :math:`|nzmax|`) are such that :math:`|k| < k_cutoff`
    ! default value k_cutoff = 3.0
",corrfun,readforward.x,,readforward_19,read_corr_fun.f90:238,
assar_density,``logical``,"``.false.``
",WIP,None,None,None,".. code-block:: text

    ! compute the charge density with Assaraf's method [PRE, 75, 035701(R) (2007)]
    ! file rho_assar.dat generated
    ! in the format
    ! x y z rho(x,y,z) err_rho(x,y,z)
    ! the default is assar_density=.false.
",corrfun,readforward.x,,readforward_20,read_corr_fun.f90:146,
grid_points,``integer``,"- ``ngrid(1)*ngrid(2)*ngrid(3)`` if no input

- with input value

  + ``ngrid(1)*ngrid(2)*ngrid(3)`` if grid_points <= 0",WIP,None,None,".. code-block:: text

    !  number of records  of the grid in format x,y,z to be read
    !  in the file 'turbo_grid.dat' . The density will be computed
    ! on this grid and written in 'rho_assar.dat'.
    ! If grid_points=0 (default), then an internal uniform grid
    ! will be built as in the normal density function.
    ! Set ell: dimension of the box, and ngrid, number of points
    ! in which the box lenghts are divided.
",,corrfun,readforward.x,,readforward_21,"read_corr_fun.f90:167, 313 -- 339, 341 -- 348",
assar_parr,``real*8``,``1.d0``,WIP,None,None,"long distance parameter, optimal value 2*sqrt(-2I) where I is the first ionization energy",".. code-block:: text

    ! Number of grid points to be read
    ! in the turbo_grid.dat file written
    ! in the format
    ! x y z
    ! (default grid_points=0) In this case the program
    ! builds a uniform grid in space, and
    ! ngrid and ell must be defined as above.
",corrfun,readforward.x,,readforward_22,read_corr_fun.f90:147,
charge_density,``logical``,"- ``.false.`` if no input
- ignore input 

  + ``.false.`` if ifrho_assar is .true.",WIP,None,None,None,".. code-block:: text

    ! compute charge density
    ! file rho.dat generated
    ! in a format plottable by gnuplot
    ! x y z  rho(x,y,z)
    ! default charge_density=.false.
",corrfun,readforward.x,,readforward_23,"read_corr_fun.f90:151, 313 -- 316",
new_density,``logical``,"``.false.``
",WIP,None,None,None,None,corrfun,readforward.x,,readforward_24,read_corr_fun.f90:145,
spin_density,``logical``,"- ``.false.`` if no input
- ignore input 

  + ``.false.`` if ifrho_assar is .true.
",WIP,None,None,None,".. code-block:: text

    ! compute spin density
    ! file spin.dat generated
    ! in a format plottable by gnuplot
    ! x y z  spin(x,y,z)
    ! default spin_density=.false.
",corrfun,readforward.x,,readforward_25,"read_corr_fun.f90:153, 313 -- 318",
pair_corr_fun,``logical``,"- ``.false.`` if no input
- ignore input 

  + ``.false.`` if ifrho_assar is .true.
",WIP,None,None,None,".. code-block:: text

    ! compute spin-spin corr functions (if spin_density=.true.)
    ! file written spinspin.dat
    ! and compute charge-charge corr functions (if charge_density=.true.)
    ! file written rhorho.dat
    ! file format:
    ! dx dy dz spinspin(dx,dy,dz)
    ! where
    ! spinspin(dr)=< S_i S_{i+dr) >
    ! with dr=(dx,dy,dz)
    ! TRANSLATIONAL INVARIANCE IS ASSUMED (WITH PBC)
    ! default pair_corr_fun=.false.
    ! also the radial correlation functions are computed
    ! stored in rhorho_radial.dat and spinspin_radial.dat
",corrfun,readforward.x,,readforward_26,"read_corr_fun.f90:154, 313 -- 319",
structure_factor,``logical``,"- ``.false.`` if no input
- ignore input 

  + ``.false.`` if ifrho_assar is .true.
",WIP,None,None,None,".. code-block:: text

    ! compute structure factor
    ! file written:
    ! skvec.dat (rho-rho)
    ! skvec_ss.dat (spin-spin)
    ! skvec_uu.dat (up-up)
    ! skvec_dd.dat (down-down)
    ! skvec_ud.dat (up-down)
    ! default structure_factor=.false.
",corrfun,readforward.x,,readforward_27,"read_corr_fun.f90:156, 313 -- 322",
ngrid,``integer :: ngrid(3)``,``ngrid(1:3) = 0``,WIP,None,None,None,".. code-block:: text

    ! active dimension = corrfun_dim
    ! number of grid points along each direction defined in cart_axes
    ! this is sensitive for the charge and spin densities, and for
    ! the pair correlation functions
    ! NO DEFAULT VALUE
",corrfun,readforward.x,,readforward_28,read_corr_fun.f90:187 -- 189,
cart_axes,``integer :: cart_axes(3)``,"``cart_axes(1:3) = [1, 2, 3]``",WIP,None,None,None,".. code-block:: text

    ! active dimension = corrfun_dim
    ! you can choose the axis over which the correlation function is projected
    ! with notations: 1 <-> x, 2 <-> y, 3 <-> z
    ! for instance, if you choose:
    ! corrfun_dim = 1
    ! cart_axes = 3
    ! it means that you compute the 1D correlation function along the z direction
    ! by integrating over x and y.
    ! default value cart_axes = 1, 2, 3
",corrfun,readforward.x,,readforward_29,read_corr_fun.f90:179 -- 181,
offset,``real*8 :: offset(3)``,automatic,WIP,None,None,unit grid lattice space.,".. code-block:: text

    ! shift of the box where the correlation functions are computed
    ! default value offset = 0.0, 0.0, 0.0
    ! if the offset is set to (0,0,0), the mesh is set in the box
    ! by dividing each side in ngrid equal segments.
    ! the vector shift sets an offset of the mesh points
    ! V_i = V_i + offset
    ! with V_i the mesh points
",corrfun,readforward.x,,readforward_30,"read_corr_fun.f90:183 -- 185, 216 -- 229",
correlated_samp,``logical``,"- ``.false.`` if no input
- ignore input 

  + ``.false.`` if ifrho_assar is .true.

",WIP,None,None,None,".. code-block:: text

    ! compute correlated sampling
    ! in this case also the (new, or correlated) wave function file fort.10 is read!!
    ! file written:
    ! corrsampling.dat (energy sampled, correlated energy of fort.10, correlated difference between the two)

    ! note that all possible correlation functions can be switched on at the same time

    ! input new wavefunction ---> fort.10_corr
    ! Only with K sampling the input is in turborvb.scratch/fort.10_XXXXXX
    ! Remember to save the old wf in this case.
    !Make the first run with vmc option itest=2 with the fort.10 wf, and
    !in the readio section of the turborvb input for correlated sampling use
    !iread=3

    !you can choose the frequency of the dumping to file with

    ifreqdump=#

    !with # the number to indicate each generation you write on file
    !(for instance, ifreqdump=1 (default) write always the configuration on file,
    !ifreqdump=2 write every 2 generations
",corrfun,readforward.x,,readforward_31,"read_corr_fun.f90:157, 313 -- 323",
shiftlog,``real*8``,``0.d0``,WIP,None,None,".. code-block:: text

    to avoid overflow/underflow: see output for accurate guess input.
    The default value is computed from the first initial_bin-1 bins.
",".. code-block:: text

    Another important parameter is ``shiftlog`` (default is zero).
    If the wave functions defined by ``fort.10`` and ``fort.10_corr`` are much different
    and/or the number of electrons is quite large, than the correlated sampling
    can lead to overflow/underflow  because too large/small ratios are involved
    in the reweighting. In this case (if you see ``NaN`` in ``corrsampling.dat``) just
    read the final number in the standard output of ``readforward.x``:

.. code-block:: text

    Average log exponent = xxxxxxxx

Use this number to define ``shiftlog``:

    .. code-block:: text

        shiftlog= xxxxxxxxx
",corrfun,readforward.x,,readforward_32,read_corr_fun.f90:177,
ifkspin,``logical``,"- ``.false.`` if no input
- ignore input

  + sphere_radius /= 0.d0

    - ``.false.`` if ifpair is .true.
    - ``.false.`` if ifspin is .true.
    - ``.false.`` if ifrho is .true.
    - ``.false.`` if grid_points == 0 and ifrho_assar is .true.
",WIP,None,None,".. code-block:: text

    !ifkspin=.true.  ! if .true. compute order parameter with kspin given in input
                     from sqrt(S(kspin)) where S(kspin) is the magnetic structure
                    factor for momentum=kspin.
",None,corrfun,readforward.x,,readforward_33,"read_corr_fun.f90:191, 350 -- 368",
kspin,``real(8) :: kspin(3)``,``kspin(1:3) = 0.d0``,WIP,None,None,".. code-block:: text

    !kspin(1)=0.5d0  ! if ifkspin=.true. read kspin in unit 2Pi/cellscale
    !kspin(1)=0.5d0  ! if ifkspin=.true. read kspin in unit 2Pi/cellscale
",None,corrfun,readforward.x,,readforward_34,read_corr_fun.f90:190,
assar_cut,``real*8``,``1000.d0``,WIP,None,None,".. code-block:: text

    ! short distance cutoff. For assar_cut-->infty it is
    ! applied only to the nuclei-electron cusps
    ! For assar_cut=-1 the short distance correction
    ! is not applied (Use in case of pseudopotentials)
",Cutoff (in bohr) for defining the neighbour points in the grid (see Chernomor's thesis).,corrfun,readforward.x,,readforward_35,read_corr_fun.f90:148,
noeloc,``logical``,``.false.``,WIP,None,None,".. code-block:: text

    ! if noeloc=.true. one neglects the local energy change --> zero
                   variance principle.
",None,corrfun,readforward.x,,readforward_36,read_corr_fun.f90:150,
kswitch,``real*8``,"``0.1d0``
",WIP,None,None,None,Distance in bohr for the switching Hill functions (see Chernomor's master thesis).,corrfun,readforward.x,,readforward_37,read_corr_fun.f90:192 -- 193,
nswitch,``integer``,``8``,WIP,None,None,None,Integer defining the steepness of the Hill functions (see Chernomor's master thesis).,corrfun,readforward.x,,readforward_38,read_corr_fun.f90:194,
compute_spin2,``logical``,"- ``.false.`` if no input
- ignore input

  + ``.false.`` if ifrho_assar is .true.

",WIP,None,None,None,".. code-block:: text

    !compute spin^2
    !implemented in compute_spin2.f90
    !development manual in doc/S^2
    !output file spinsquare.dat
    !need iread=2 for TurboRVB in readio section
",corrfun,readforward.x,,readforward_39,"read_corr_fun.f90:159, 313 -- 324",
radial_grid,``integer``,``0``,WIP,None,None,None,".. code-block:: text

    ! setting the number of points in the radial grid
    ! for spin-spin and charge-charge radial correlation functions
",corrfun,readforward.x,,readforward_40,read_corr_fun.f90:196,
sphere_radius,``real*8``,``0.d0``,WIP,None,None,".. code-block:: text

    if sphere_radius.ne.0.d0 compute SITE spin and charge density and spin and charge correlation functions.
    If sphere_radius < 0 and corrdim=1 --> compute dipole-dipole instead of charge-charge and spin-spin
",".. code-block:: text

    sphere_radius=1.d0 (default =0.d0)
    ! if sphere_radius.ne.0.d0 compute SITE charge and spin density, and charge-charge and spin-spin correlation functions
    ! the SITE is defined as a sphere of radius sphere_radius around each nucleus
",corrfun,readforward.x,,readforward_41,read_corr_fun.f90:197,
quasi_particle,"``logical``
","- ``.false.`` if no input
- ignore input

  + ``.false.`` if ifrho_assar is .true.
",WIP,None,None,None,None,corrfun,readforward.x,,readforward_42,"read_corr_fun.f90:162, 313 -- 319",
quasi_hole,"``logical``
","- ``.false.`` if no input
- ignore input

  + ``.false.`` if ifrho_assar is .true.

",WIP,None,None,None,None,corrfun,readforward.x,,readforward_43,"read_corr_fun.f90:163, 313 -- 320",
quasi_hole_k,"``logical``
","- ``.false.`` if no input
- ignore input

  + ``.false.`` if ifrho_assar is .true.

",WIP,None,None,None,None,corrfun,readforward.x,,readforward_44,"read_corr_fun.f90:164, 313 -- 321",
quasi_hole_extr,"``logical``
",``.false.``,WIP,None,None,None,None,corrfun,readforward.x,,readforward_45,read_corr_fun.f90:165,
dipole_moment,``logical``,"``.false.``
",WIP,None,None,None,None,corrfun,readforward.x,,readforward_46,read_corr_fun.f90:160,
allshells,``logical``,``.false.``,WIP,None,None,None,None,corrfun,readforward.x,,readforward_47,read_corr_fun.f90:198,
fluctuations,``logical``,``.false.``,WIP,None,None,with this option the code prints the spin and charge local fluctuations (<N^2>(x)-<N>^2(x)) in a 3D xcrysden format for visualization,None,corrfun,readforward.x,,readforward_48,read_corr_fun.f90:155,
ifberry,``logical``,``.false.``,WIP,None,None,None,".. code-block:: text

    !This option allows to calculate the berry phase along the three directions. In particular it computes
    !the expectation value of ""exp(-i {2 pi}/L * \sum (r_i)"" for every of the i directions. In particular the
    !output format is explained in the output file Berry.dat and contains the modulus of the value, the error over
    !the real part, the immaginary part and the error over the complex part.
",corrfun,readforward.x,,readforward_49,read_corr_fun.f90:199,
outofplane,``real(8)``,``0.d0``,WIP,None,None,None,None,corrfun,readforward.x,,readforward_50,read_corr_fun.f90:201,
rdf_for_atom,``logical``,"``.false.``
",WIP,None,None,None,None,corrfun,readforward.x,,readforward_51,read_corr_fun.f90:152,
itestr4,``integer``,``2``,"- description(DFT):

``itest4 = -4``: Standard DFT run.

``itest4 = -8``: DFT calculation with twice larger basis for the Hartree potential.



- description(VMC):

This keyword decides the optimization scheme and its kernel. It can assume an integer value according to the following scheme:

   - ``itestr4 = 2`` (VMC) Variational Monte Carlo.

   - ``itestr4 = -4`` (VMC-opt) Wavefunction optimization by Hessian matrix method. Only the **lambda** parameters and the coefficients of the contracted orbitals are optimized.

   - ``itestr4 = -8`` (VMC-opt) Wavefunction optimization by Hessian matrix method. All the parameters are optimized.

   - ``itestr4 = -9, -5`` (VMC-opt) Same as -4, -8, respectively, but using Stochastic reconfiguration (SR) wavefunction optimization method.

   - ``itestr4 = -6`` (LRDMC) Lattice Regularized Diffusion Monte Carlo.

   - ``itestr4 = -24, -28`` (LRDMC-opt) Same as -4, -8, respectively, but the derivatives are computed using LRDMC.

   - ``itestr4 = -29, -25`` (LRDMC-opt) Same as -9, -5, respectively, but the derivatives are computed using LRDMC.
","- description(DFT):

``itest4 = -4``: Standard DFT run.

``itest4 = -8``: DFT calculation with twice larger basis for the Hartree potential.



- description(VMC):

This keyword decides the optimization scheme and its kernel. It can assume an integer value according to the following scheme:

   - ``itestr4 = 2`` (VMC) Variational Monte Carlo.

   - ``itestr4 = -4`` (VMC-opt) Wavefunction optimization by Hessian matrix method. Only the **lambda** parameters and the coefficients of the contracted orbitals are optimized.

   - ``itestr4 = -8`` (VMC-opt) Wavefunction optimization by Hessian matrix method. All the parameters are optimized.

   - ``itestr4 = -9, -5`` (VMC-opt) Same as -4, -8, respectively, but using Stochastic reconfiguration (SR) wavefunction optimization method.

   - ``itestr4 = -6`` (LRDMC) Lattice Regularized Diffusion Monte Carlo.

   - ``itestr4 = -24, -28`` (LRDMC-opt) Same as -4, -8, respectively, but the derivatives are computed using LRDMC.

   - ``itestr4 = -29, -25`` (LRDMC-opt) Same as -9, -5, respectively, but the derivatives are computed using LRDMC.
","- description(tutorials(01-04 Run DFT calculation, prep.x)): Always set -4 in a DFT calculation (INTEGER).
- description(tutorials(02optimization, turborvb.x)): Optimization method (INTEGER). -4 (-8) the modified linear method (LR) [the original linear method], -9 (-5) the stochastic reconfiguration (SR) [See. ref]. See also the review paper.
- description(tutorials(03VMC, turborvb.x)): indicates run type. Choose 2 for VMC.
- description(tutorials(04LRDMC, turborvb.x)): Run type. Choose -6 for LRDMC.
","prep.input:

.. code-block:: text

    -4 standard,-8 use twice larger basis for the Hartree potential.

datasdmc.input:

.. code-block:: text

    itestr4=1 ! 1 standard dmc (with locality); -2 non local dmc with heat bath after all electron diffusion;
                    -3 non local dmc with heat bath after single electron diffusion (more efficient for large systems)

datastest.input:

.. code-block:: text

    itestr4=-8  ! optimize  Z

datasfn.input:

.. code-block:: text

    itestr4=-6        ! LRDMC option

datasvmc.input:

.. code-block:: text

    !itestr4=2   ! vmc value  ! default

datasmin.input:

.. code-block:: text

        itestr4=-4  ! optimize no exponents Z  (allowed itestr4=-8)
                      -9   same as -4 but without hessian (use ncg=1,tpar small)
                      -5   same as -8 but ===
                      a
",None,simulation,"turborvb.x, readforward.x, prep.x",,read_datasmin_01,read_datas.f90:71,
iopt,``integer``,``1``,"- description(DFT):

``iopt = 1``: Initialize with no potential (no Hartree, xc, correlation).

``iopt = 0``: Continuation, starting from wavefunctions read from ``fort.10_new`` and occupation read from ``occupationlevels.dat`` (both generated after ``iopt = 1`` run).

``iopt = 2``: Same as ``iopt = 0``, but write main matrices (basis set/Hamiltonian overlaps, charge/spin density).



-description(VMC):

    This keyword controls the starting of the run. It can assume the following integer values:

       - ``iopt = 1``: New run from scratch.

       - ``iopt = 0``: Continue from previous run.

       - ``iopt = 2``: Initialize the optimization from the initial values given by fort.10, but read the previous equilibrated configuration.

       - ``iopt = 3``: Same as 2, but when combined with molopt=-1, recomputes from scratch the projection matrices required to enforce a given number of molecular orbitals.
","- description(DFT):

``iopt = 1``: Initialize with no potential (no Hartree, xc, correlation).

``iopt = 0``: Continuation, starting from wavefunctions read from ``fort.10_new`` and occupation read from ``occupationlevels.dat`` (both generated after ``iopt = 1`` run).

``iopt = 2``: Same as ``iopt = 0``, but write main matrices (basis set/Hamiltonian overlaps, charge/spin density).



-description(VMC):

    This keyword controls the starting of the run. It can assume the following integer values:

       - ``iopt = 1``: New run from scratch.

       - ``iopt = 0``: Continue from previous run.

       - ``iopt = 2``: Initialize the optimization from the initial values given by fort.10, but read the previous equilibrated configuration.

       - ``iopt = 3``: Same as 2, but when combined with molopt=-1, recomputes from scratch the projection matrices required to enforce a given number of molecular orbitals.
","- description(tutorials(01-04 Run DFT calculation, prep.x)): From scratch 1, Restart 0 (INTEGER).
- description(tutorials(02optimization, turborvb.x)): 1:From scratch, 0:Restart.
- description(tutorials(03VMC, turborvb.x)): 1:From scratch, 0:Restart.
- description(tutorials(04LRDMC, turborvb.x)): 1:From scratch, 2:Restart. Since initial configurations are generated by a VMC calculation, choose 2.
","prep.input:

.. code-block:: text

    ! = 1 initialize with no potential (no Hartree, xc, correlation).
    ! = 0 continue starting with wf read in fort.10_new and occupation read in occupationlevels.dat (both generated after iopt=1 run).
    !   NB: if nelocc (neloccdo) > 0  occupations are read from std input as explained below.
    ! = 2 the same as 0, but write main matrices matrices (basis set/Hamiltonian overlaps, charge/spin density)
    !     if writescratch = 0 without reading them

datastest.input:

.. code-block:: text

    iopt=1     ! Default iopt=1 (begins), iopt=0 (continue)
","funvsa.README:

.. code-block:: text

    In the first line one should put:

    q,N,iopt,p

    where N is the number of lines following the first one, according to
    a format given by iopt:

    Machine Learning  option ! if N--> -N (negative) machine learning with supervised prior distribution of the coefficients a^...
               ! if q<0 beta (inverse chiˆ2 ) is not supervised

    iopt=0    standard (input is  the first value of the record read):

    input   E(a) (value )   DE(a)  (error bar)

    iopt=3  a=sqrt(input) (used for extrapolating dmc discretized in time:
    e.g.    p=2 and q=2 is a reasonable  choice: :math:`E(Dt)=E(0)+E_1 Dt +E_2 *dt**{3/2}`
    with input
    iopt=4  a=input**2
    iopt=5  a=1/sqrt(input)
    iopt=6  a=1/input
    iopt=7  a=1/input**2

    dt   E(a)   DE(a)

    iopt=4 input=a changed to--> a^2 before fit (for extrapolating lrdmc without cubic term):
    e.g.    p=1 and q=2 is a reasonable  choice: :math:`E(Dt)=E(0)+E_1 a^2 +E_2 *a^4`

    with input:

    a  E(a)   DE(a)

    iopt=2 (no error bar)

    a E(a)

    the error bar is given in the second line and is assumed to be the same
    for all points.

    The output is given in standard output :

     E_0  DE_0 (error bar)
     E_1  DE_1 (error bar)
     ....

    New option iopt=1

    Read
    x Dx y Dy
    and compute also extrapolations (as iopt=0) taking into account that also x variable
    has an error bar.


    New option. The code can estimate the error bar of predicted points E(a) for a values not directly measured. For this purpose just define in the data set
    values with zero error bar, e.g. with iopt=6 you can define a data:

    10 arbitrary number   0.d0

    After running the code, you will see in the standard output the predicted value of E for a=10 with corresponding error bar estimated by bootstrap.
",simulation,"turborvb.x, readforward.x, prep.x",,read_datasmin_02,read_datas.f90:75,
ngen,``integer``,automatic,"The number of iterations of any chosen method. Represents the total number of samples for the local energy or energy derivatives. In case of optimization, it must be a multiple of nweight given in the &optimization section.","The number of iterations of any chosen method. Represents the total number of samples for the local energy or energy derivatives. In case of optimization, it must be a multiple of nweight given in the &optimization section.","- description(tutorials(02optimization, turborvb.x)): Total number of Monte Carlo sampling (INTEGER). Number of optimization steps is ngen/nweight.
- description(tutorials(03VMC, turborvb.x)): Total number of Monte Carlo sampling.
- description(tutorials(04LRDMC, turborvb.x)): Total number of projections (i.e, \exp(-\tau \cdot \hat{\mathcal{H}})).
","datasdmc.input:

.. code-block:: text

    ngen=200  ! number of branchings

datastest.input:

.. code-block:: text

    ngen=1000000 ! # local energy and derivatives  samples

datasfn.input:

.. code-block:: text

    ngen=1000         ! Number of branching

datasvmc.input:

.. code-block:: text

    ngen=41000   ! number of measures of the local energy per walker

datasmin.input:

.. code-block:: text

    ngen=10000000 ! # local energy and derivatives  samples
","readforward.README:

.. code-block:: text

    ngen=4100
    ! number of generations stored in the production run
",simulation,"turborvb.x, readforward.x, prep.x",,read_datasmin_03,read_datas.f90:73,
nscra,``integer``,"- if no input

  + ``nel / 2`` if ipf == 2
  + ``2*nel + 2`` if ipf /= 2
","Inside an MC step, the determinant is usually updated instead of being recalculated from scratch. To avoid error summation, it’s necessary to calculate it from scratch every nscra accepted moves.","Inside an MC step, the determinant is usually updated instead of being recalculated from scratch. To avoid error summation, it’s necessary to calculate it from scratch every nscra accepted moves.",None,"datasdmc.input:

.. code-block:: text

    nscra=100 ! recomputing by scratch the determinant
                each nscra single el. moves accepted

datastest.input:

.. code-block:: text

    !nscra=16   !  compute by scratch the determinant each nscra single el.
                   update, default = 2 * nel

datasfn.input:

.. code-block:: text

    !nscra=500         !Recomputing by scratch determinant each nscra accepted moves
",None,simulation,"turborvb.x, readforward.x, prep.x",,read_datasmin_04,"read_datas.f90:64, 1296 -- 1303",
nbra,``integer``,"automatic (4*nel, 2*nel, nel, 1, or 0)","In VMC, it indicates the number of Metropolis steps before computing a new sample. In LRDMC, if > 0, it uses the new more efficient method with perfect load balancing. Should be large enough (#electrons) to guarantee an efficient branching (% independent walkers / # walkers between 80% and 95%).","In VMC, it indicates the number of Metropolis steps before computing a new sample. In LRDMC, if > 0, it uses the new more efficient method with perfect load balancing. Should be large enough (#electrons) to guarantee an efficient branching (% independent walkers / # walkers between 80% and 95%).",None,"datasdmc.input:

.. code-block:: text

    nbra=16   ! a multiple of the number of electrons
                (single el. moves -attempted-between two branchings)

datastest.input:

.. code-block:: text

    !nbra=16    ! compute the local energy each nbra Metropolis single el. update,
                  default   4 * nel

datasfn.input:

.. code-block:: text

    !nbra=100         ! if nbra>0 LRDMC with fixed number of accepted move for each
                        branching. To improve load balancing between processors.
",None,simulation,"turborvb.x, readforward.x, prep.x",,read_datasmin_05,"read_datas.f90:65, 995, 1304 -- 1322",
iseedr,``integer``,``236413883``,Seed of the random number generator.,Seed of the random number generator.,None,"datasfn.input:

.. code-block:: text

    iseedr=536473883  ! Initial random number

datasvmc.input:

.. code-block:: text

    iseedr=235113183 ! initial random seed
",None,simulation,"turborvb.x, readforward.x, prep.x",,read_datasmin_06,read_datas.f90:66,
nw,``integer``,``nproc``,"Number of walkers. If not specified, it coincides with the number of processors. Otherwise, it must be a multiple of their number.","Number of walkers. If not specified, it coincides with the number of processors. Otherwise, it must be a multiple of their number.",None,"datastest.input:

.. code-block:: text

    nw=1       ! number of walkers default = # processors

datasfn.input:

.. code-block:: text

    nw=64             ! Number of walkers (default nw=# processors).
","readforward.README:

.. code-block:: text

    nw=128
    ! number of walkers used in the production run
",simulation,"turborvb.x, readforward.x, prep.x",,read_datasmin_07,read_datas.f90:67,
kSq,``double precision``,"- if no input

  + ``1.d-8`` if iespbc is .true.
  + ``0d0``  if iespbc is .false.
",Precision for the Ewald summation.,Precision for the Ewald summation.,None,None,None,simulation,"turborvb.x, readforward.x, prep.x",,read_datasmin_08,"read_datas.f90:61, 995, 1522 -- 1560",
kappar,``real*8``,automatic,"Coefficient in the Ewald summation. The default value depends on the crystal type (orthorombic, nonorthorohmbic).","Coefficient in the Ewald summation. The default value depends on the crystal type (orthorombic, nonorthorohmbic).",None,None,None,simulation,"turborvb.x, readforward.x, prep.x",,read_datasmin_09,"read_datas.f90:62, 995, 1522 -- 1560",
freqcheck,``integer``,"- if no input

  + ``-1`` if nproc == 1
  + if nproc > 1

    - ``100`` if ngen > 1000
    - ``10`` if ngen > 100
    - ``0`` if ngen <= 100
",Frequency for checking flag error.,Frequency for checking flag error.,None,None,None,simulation,"turborvb.x, readforward.x, prep.x",,read_datasmin_10,"read_datas.f90:59, 167 -- 174",
membig,``logical``,``.true.``,Large memory is given or not.,Large memory is given or not.,None,"datasminmol.input:

.. code-block:: text

    !membig=.true.  ! if memory is not enough use membig=.false. and  use
                      readalles for averaging variational parameters of the last
                      iterations only for molopt=4. Not possible for molopt=2

datasmin.input:

.. code-block:: text

    !membig=.true. ! for small allocation and i/o output use membig=.false. when possible.
",None,simulation,"turborvb.x, readforward.x, prep.x",,read_datasmin_11,"read_datas.f90:55 -- 57, 463 -- 474",
membigcpu,``logical``,"``.true.``

",Large memory is given or not.,Large memory is given or not.,None,None,None,simulation,"turborvb.x, readforward.x, prep.x",,read_datasmin_12,read_datas.f90:58,
developer,``integer``,``0``,Unidentified (This will be removed in the future).,Unidentified (This will be removed in the future).,None,"datastest.input:

.. code-block:: text

    developer=1 !  developer=-1 check consistency after each minimization step.
                   The same configuration is used and the same energy should be
                   obtained as written in stdout.
",None,simulation,"turborvb.x, readforward.x, prep.x",,read_datasmin_13,read_datas.f90:60,
yesfast,``integer``,"- ``-1`` if no input
- ignore input

  + ``-1`` if ireadminr > 0 and yesfast > 0
",Fast I/O (This will be moved to /developer/ namelist).,Fast I/O (This will be moved to /developer/ namelist).,None,None,None,simulation,"turborvb.x, readforward.x, prep.x",,read_datasmin_14,"read_datas.f90:68, 995 -- 999",
maxtime,``real*8``,- ``86000`` if no input,The program will stop after maxtime (sec.),The program will stop after maxtime (sec.),"- description(tutorials(02optimization, turborvb.x)): Maximun CPU time (INTEGER).",None,None,simulation,"turborvb.x, readforward.x, prep.x",,read_datasmin_15,"read_datas.f90:83, 119 -- 125",
nproc_diag,``integer``,``0``,The number of intra MPI communicators. 0 means no intra communicator (this will be removed in the future).,The number of intra MPI communicators. 0 means no intra communicator (this will be removed in the future).,None,"datasminmol.input:

.. code-block:: text

    !nproc_diag=0   ! if > 0 and compilation option __CASO is used, the diagonalization routines will use
                      only nproc_diag processors (all processors  are  too many sometimes).
",None,simulation,"turborvb.x, readforward.x, prep.x",,read_datasmin_16,read_datas.f90:84 -- 85,
disk_io,"``character(len=80)``
",``'default'``,"‘default’: default I/O, temporary files for each MPI process, ‘nocont’: minimal I/O no continuation, ‘mpiio’: temporary files are not generated for each MPI rank. They are gathered to single file.","‘default’: default I/O, temporary files for each MPI process, ‘nocont’: minimal I/O no continuation, ‘mpiio’: temporary files are not generated for each MPI rank. They are gathered to single file.",None,"datasdmc.input:

.. code-block:: text

    !disk_io='default' ! 'default' spits out one file per rank,
                         'nocont' spits nothing,
                         'mpiio' splits one file for all ranks.

datasminmol.input:

.. code-block:: text

    !disk_io='default' ! 'default' spits out one file per rank,
                         'nocont' spits nothing,
                         'mpiio' splits one file for all ranks.

datastest.input:

.. code-block:: text

    !disk_io='default' ! 'default' spits out one file per rank,
                         'nocont' spits nothing,
                         'mpiio' splits one file for all ranks.

datasfn.input:

.. code-block:: text

    !disk_io='default' ! 'default' spits out one file per rank,
                         'nocont' spits nothing,
                         'mpiio' splits one file for all ranks.
",None,simulation,"turborvb.x, readforward.x, prep.x",,read_datasmin_17,"read_datas.f90:89, 135 -- 147",
ip_reshuff,``integer``,``-1``,Unidentified (This will be moved to /developer/ namelist).,Unidentified (This will be moved to /developer/ namelist).,None,None,None,simulation,"turborvb.x, readforward.x, prep.x",,read_datasmin_18,read_datas.f90:69,
compute_bands,``logical``,``.false.``,WIP,None,None,"prep.input:

.. code-block:: text

    compute_bands=.false. ! put this flag to .true. if you want to perform non self-consistent calculations for band structure. It must be
                          ! performed after a self-consistent run with the same molecular orbital real-space mesh.
",None,simulation,"turborvb.x, readforward.x, prep.x",,read_datasmin_19,read_datas.f90:77,
double_mesh,``logical``,``.false.``,WIP,None,None,None,"prep.README:

.. code-block:: text

    !double_mesh=.false.  ! if true a better simulation for large atomic number is done (see below)


.. code-block:: text

    ``double_mesh`` --> When in input ``double_mesh`` is true (NB in simulation section),
    a more accurate DFT is done with an adaptive mesh,
    that considers a sparse and a finer mesh (e.g. around nuclei).
",simulation,"turborvb.x, readforward.x, prep.x",,read_datasmin_20,read_datas.f90:90,
min_block,``integer``,automatic (1000 or 100),"The minimum block size for computational efficiency at expense of memory, used for SCALAPACK. A smaller value will require less memory. (This will be removed in the future).","The minimum block size for computational efficiency at expense of memory, used for SCALAPACK. A smaller value will require less memory. (This will be removed in the future).",None,None,None,simulation,"turborvb.x, readforward.x, prep.x",,read_datasmin_21,"read_datas.f90:78 -- 79, 502 -- 506",
max_target,``integer``,automatic (200000 or 0),Unidentified (This will be moved to /developer/ namelist).,Unidentified (This will be moved to /developer/ namelist).,None,None,None,simulation,"turborvb.x, readforward.x, prep.x",,read_datasmin_22,read_datas.f90:91 -- 95,
max_targetsr,``integer``,``max_target``,Unidentified (This will be moved to /developer/ namelist).,Unidentified (This will be moved to /developer/ namelist).,None,None,None,simulation,"turborvb.x, readforward.x, prep.x",,read_datasmin_23,"read_datas.f90:96, 2222 -- 2227",
dielectric_ratio,``real*8``,``1.d0``,Parameter for dielectric constant: see dielectric.f90 (not tested).,Parameter for dielectric constant: see dielectric.f90 (not tested).,None,None,None,simulation,"turborvb.x, readforward.x, prep.x",,read_datasmin_24,read_datas.f90:97,
dielectric_length,``real*8``,``1.d0``,Parameter for dielectric constant: see dielectric.f90 (not tested).,Parameter for dielectric constant: see dielectric.f90 (not tested).,None,None,None,simulation,"turborvb.x, readforward.x, prep.x",,read_datasmin_25,read_datas.f90:98,
case_diel,``integer``,"- if no input

  + ``2`` if dielectric_ratio /= 1.d0

- ignore input

  + ``0`` if dielectric_ratio == 1.d0
  + ``0`` if input case_diel < 0 or case_diel > 2
",Flag for dielectric constant: see dielectric.f90 (not tested).,Flag for dielectric constant: see dielectric.f90 (not tested).,None,None,None,simulation,"turborvb.x, readforward.x, prep.x",,read_datasmin_26,"read_datas.f90:99, 2244, dielectric.f90:22 -- 36",
neigh,"``integer``
","- if no input

  + ``1`` if iespbc is .true.",Neighbors in the Ewald summation (but not used?) unidentified.,Neighbors in the Ewald summation (but not used?) unidentified.,None,None,None,simulation,"turborvb.x, readforward.x, prep.x",,read_datasmin_27,"read_datas.f90:63, 995, 1522, 1552 -- 1555",
novec_loop1,``logical``,``.true.``,Vectorize of subroutine upnewwf (This will be moved to /developer/ namelist).,Vectorize of subroutine upnewwf (This will be moved to /developer/ namelist).,None,None,None,simulation,"turborvb.x, readforward.x, prep.x",,read_datasmin_28,read_datas.f90:100,
yes_sparse,``logical``,``.false.``,Unidentified (This will be moved to /developer/ namelist).,Unidentified (This will be moved to /developer/ namelist).,None,None,None,simulation,"turborvb.x, readforward.x, prep.x",,read_datasmin_29,read_datas.f90:101,
yes_sparse_choose,``logical``,"- ``.false.`` if yesdft is .true.
- ``.true.`` if yesdft is .false.",Unidentified (This will be moved to /developer/ namelist).,Unidentified (This will be moved to /developer/ namelist).,None,None,None,simulation,"turborvb.x, readforward.x, prep.x",,read_datasmin_30,read_datas.f90:102 -- 106,
max_sparse_choice,``integer``,automatic (100 or 20),Unidentified (This will be moved to /developer/ namelist).,Unidentified (This will be moved to /developer/ namelist).,None,None,None,simulation,"turborvb.x, readforward.x, prep.x",,read_datasmin_31,read_datas.f90:107 -- 111,
nintpsa,``integer``,automatic,"Number of integer points for pseudopotential, if present.","Number of integer points for pseudopotential, if present.",None,"prep.input:

.. code-block:: text

    !nintpsa=6 ! number of integration point for pseudo if present

datasdmc.input:

.. code-block:: text

    !nintpsa=6 ! number of points for pseudo integration ! default 6, allowed 12 18

datastest.input:

.. code-block:: text

    ! nintpsa=6 ! number of points for pseudo integration ! default allowed 12 18

datasfn.input:

.. code-block:: text

    !nintpsa=6 ! 6 points integration pseudo default
",None,pseudo,"turborvb.x, readforward.x, prep.x",,read_datasmin_32,"read_datas.f90:196, 995, 1048 -- 1064",
npsamax,``integer``,"- if no input

  + ``2`` if npsa /= 0
  + ``1`` if npsa == 0
","- description(DFT):   Multiplication factor for the number of pseudo integration points. Note that, use npsmax > 2 if the code terminates with the error ‘Increase npsamax’.
- description(QMC): Multiplication factor for the number of pseudo integration points. Note that, you should use npsmax > 2 if the code terminates with the error ‘Increase npsamax’.","- description(DFT):   Multiplication factor for the number of pseudo integration points. Note that, use npsmax > 2 if the code terminates with the error ‘Increase npsamax’.
- description(QMC): Multiplication factor for the number of pseudo integration points. Note that, you should use npsmax > 2 if the code terminates with the error ‘Increase npsamax’.",None,"prep.input:

.. code-block:: text

    !npsamax=2 ! Multiplication factor for the number of pseudo integration points.
               ! NB: Use npsamax>2 if the code terminates with the error ""Increase npsamax [...]"".

datasdmc.input:

.. code-block:: text

    !npsamax=1 ! max number of overlapping pseudo atom cores defined in pseudo.dat (r< rcut) default 1(2) for atom(s)

datastest.input:

.. code-block:: text

    !npsamax=1 ! max number of overlapping pseudo atom cores defined in pseudo.dat (r< rcut) default 1(2) for atom(s)

datasfn.input:

.. code-block:: text

    !npsamax=1 ! max number of overlapping pseudo atoms cores defined
                in pseudo.dat (r< rcut) default 1(2) for atom(s)
",None,pseudo,"turborvb.x, readforward.x, prep.x",,read_datasmin_33,"read_datas.f90:197, 995, 1065 -- 1069, 1757",
pseudorandom,``logical``,"- ``.false.`` yesdft is .true. and double_mesh is .true.
- ``.true.`` otherwise",Use a random integration mesh for pseudo with the algorithm for QMC by R. Fahy.,Use a random integration mesh for pseudo with the algorithm for QMC by R. Fahy.,None,"prep.input:

.. code-block:: text

    !pseudorandom=.true. ! Use a random integration mesh for pseudo with the algorithm for QMC by R. Fahy.
",None,pseudo,"turborvb.x, readforward.x, prep.x",,read_datasmin_34,read_datas.f90:199 -- 203,
tstep,``real*8``,"- if no input

  + ``2.d0`` if itest == 2
  + ``0.d0`` if itest /= 2",Time step for VMC moves. Adapted automatically.,Time step for VMC moves. Adapted automatically.,None,"datastest.input:

.. code-block:: text

    tstep=2. ! vmc step amplitude, check acceptance rate~0.5 at  end output

datasmin.input:

.. code-block:: text

    tstep=2.4 ! vmc step amplitude (a.u.)
",None,vmc,"turborvb.x, readforward.x, prep.x",,read_datasmin_35,read_datas.f90:982 -- 991,
hopfraction,``real*8``,``0.d0``,The hopping ratio used in the MCMC. See. subroutine hopping in detail.,The hopping ratio used in the MCMC. See. subroutine hopping in detail.,None,None,None,vmc,"turborvb.x, readforward.x, prep.x",,read_datasmin_36,read_datas.f90:217 -- 218,
epscut,``real*8``,"- if no input

  + ``0.00001d0`` if itest /= 1 and itestr4 /= -7

- ignore input

  + if itest == 1 or itestr4 == -7

    - ``0.d0`` if epscuttype == 0
    - ``epscuttype`` if epscuttype < 0
    - error if epscuttype > 0
","The threshold of regularization. epscut = 0 to be used only in the optimization of the Jastrow, when no regularization is necessary for finite variance energy derivatives. If epscut > 0, a regularization is applied (epscuttype=2) and finite variance forces and energy derivatives can be computed. It is tuned automatically starting from the value in input.","The threshold of regularization. epscut = 0 to be used only in the optimization of the Jastrow, when no regularization is necessary for finite variance energy derivatives. If epscut > 0, a regularization is applied (epscuttype=2) and finite variance forces and energy derivatives can be computed. It is tuned automatically starting from the value in input.",epscut Regularization parameter. Small positive value (DOUBLE).,"datastest.input:

.. code-block:: text

    epscut=0.d0 ! default =0. suggested non zero only for very large nweight.

datasmin.input:

.. code-block:: text

epscut=0.0  ! Default -100, for calculation with finite variance derivatives.                 see vmc input (datasvmc.input).
",None,vmc,"turborvb.x, readforward.x, prep.x",,read_datasmin_37,"read_datas.f90:219 -- 220, 277, 287, 969 -- 980",
epstlrat,``real*8``,"- if no input

  + ``dsqrt(epsmach)`` if theta_reg == 0.5d0 and epstlrat is .true.",epstl = epstlrat*epscut. epstl is a precision control parameter used in subroutine ratio_psi() (if zero not used) dlamch(‘e’) is a lapack routine that returns the relative machine precision,epstl = epstlrat*epscut. epstl is a precision control parameter used in subroutine ratio_psi() (if zero not used) dlamch(‘e’) is a lapack routine that returns the relative machine precision,None,None,None,vmc,"turborvb.x, readforward.x, prep.x",,read_datasmin_38,"read_datas.f90:221 -- 222, 247 -- 250",
epscuttype,``integer``,"- if no input

  + ``0`` if epscut == 0.d0
  + ``2`` if epscut > 0.d0
  + ``-1000`` if epscut < 0.d0

- ignore input

  + ``0`` if itest == 1 or itestr4 == -7","Accept default (0,2) determined by epscut. The type of regularization applied to the determinant. Type 0: no regularization. Type 2: best one. (Other options are possible but deprecated).","Accept default (0,2) determined by epscut. The type of regularization applied to the determinant. Type 0: no regularization. Type 2: best one. (Other options are possible but deprecated).",None,None,None,vmc,"turborvb.x, readforward.x, prep.x",,read_datasmin_39,"read_datas.f90:224, 277, 286, 952 -- 961",
alat2v,``real*8``,``0.d0``,not used. This will be removed in the future,not used. This will be removed in the future,None,None,None,vmc,"turborvb.x, readforward.x, prep.x",,read_datasmin_40,read_datas.f90:229,
shift,``real*8``,``0.d0``,unidentified,unidentified,None,None,None,vmc,"turborvb.x, readforward.x, prep.x",,read_datasmin_41,read_datas.f90:228,
change_epscut,``logical``,"- ``.false.`` ignore input if itest /= 2
- ``.true.`` if no input
",automatic adjustment of epscut,automatic adjustment of epscut,None,None,None,vmc,"turborvb.x, readforward.x, prep.x",,read_datasmin_42,"read_datas.f90:225, 1898 -- 1901",
change_tstep,``logical``,"- ``.false.`` ignore input if itest /= 2
- ``.true.`` if no input",automatic adjustment of tstep,automatic adjustment of tstep,None,None,None,vmc,"turborvb.x, readforward.x, prep.x",,read_datasmin_43,"read_datas.f90:226, 1898 -- 1901",
epsvar,``real*8``,``0.0001d0``,epsvar is a precision control parameter used in subroutine ratiovar.f90 (if zero not used),epsvar is a precision control parameter used in subroutine ratiovar.f90 (if zero not used),None,None,None,vmc,"turborvb.x, readforward.x, prep.x",,read_datasmin_44,read_datas.f90:230,
theta_reg,``real*8``,``0.375d0``,"ratiodet = 1.d0/ratiodet**theta_reg used in subroutine ratiovar.f90. Eq.(121) in the paper [J. Chem. Phys. 152, 204121 (2020)].","ratiodet = 1.d0/ratiodet**theta_reg used in subroutine ratiovar.f90. Eq.(121) in the paper [J. Chem. Phys. 152, 204121 (2020)].",None,None,None,vmc,"turborvb.x, readforward.x, prep.x",,read_datasmin_45,read_datas.f90:223,
true_wagner,``integer``,"- if no input

  + ``2`` if lrdmc_der is .true. and lrdmc_nonodes is .false.
  + ``-1`` otherwise",WIP,None,None,None,None,vmc,"turborvb.x, readforward.x, prep.x",,read_datasmin_46,"read_datas.f90:231, 2468 -- 2471",
cutweight,``real*8``,"automatic (0.d0, 4*zmax, or others)",WIP,None,None,None,None,vmc,"turborvb.x, readforward.x, prep.x",,read_datasmin_47,"read_datas.f90:232, 2472 -- 2494",
nbra_cyrus,``integer``,- ``0`` if itest == 1 or itestr4 == -7,WIP,None,None,None,None,vmc,"turborvb.x, readforward.x, prep.x",,read_datasmin_48,"read_datas.f90:232, 2472 -- 2494",
typereg,``integer``,``0``,WIP,None,None,None,"datasfn.README:

.. code-block:: text

        epscutdmc (real*8) input if non zero then typereg (default=0) is also used and:

        The LRDMC hamiltonian H^a is defined as before but a guiding function wfb is
        used to sample  the region where  the fermion wave function vanishes:
        The trial function wf=Dx J that defines the LRDMC Hamiltonian is the product
        of a Determinant D times a Jastrow factor J, that never vanishes,
        whereas the guiding function wfg is defined as follows:

        typereg=0,2,4,...

         wfg= D xJ                          if log(:math:`|D|`) > epscutdmc
         wfg= exp(epscutdmc) Sign(D) xJ           otherwise

        typereg=1,3,5,...

         wfg= D xJ                          if log(:math:`|D|` J) > epscutdmc
         wfg= exp(epscutdmc) Sign(D)           otherwise

        A relevant choice of epscutdmc can be guessed by looking to the
        final output average log Det is reported.
        epscutdmc can be safely chosen < log Det> -2 sigma.

        %%%%%%%%%%%%%%%%%%%%%%%%%%%%%%%%%%%%%%%%%%%%%%%%%%%%%%%%%%%%%%%%%%%%%%%%
    ",vmc,"turborvb.x, readforward.x, prep.x",,read_datasmin_49,read_datas.f90:233,
npow,``real*8``,``0.d0``,WIP,None,None,None,None,vmc,"turborvb.x, readforward.x, prep.x",,read_datasmin_50,read_datas.f90:234,
etry,``real*8``,``0.d0``,Trial total energy. Please put the DFT or VMC energy.,Trial total energy. Please put the DFT or VMC energy.,Put a DFT of VMC energy. \Gamma in eq.6 of the review paper is set 2 \times etry,"datasdmc.input:

.. code-block:: text

    etry=-15.74d0   ! trial energy

datasfn.input:

.. code-block:: text

    etry=-5.42d0  ! Guess of the energy (H)
",None,dmclrdmc,"turborvb.x, readforward.x, prep.x",,read_datasmin_51,read_datas.f90:252 -- 254,
npow,``real*8``,``0.d0``,The parameter npow gradually sets the degree of localization used in the effective Hamiltonian. npow = 0 corresponds to a Fixed Node Hamiltonian whereas npow = 1 corresponds to the local approximation. Accept default.,The parameter npow gradually sets the degree of localization used in the effective Hamiltonian. npow = 0 corresponds to a Fixed Node Hamiltonian whereas npow = 1 corresponds to the local approximation. Accept default.,None,None,None,dmclrdmc,"turborvb.x, readforward.x, prep.x",,read_datasmin_52,read_datas.f90:234,
tbra,``real*8``,required,DMC time between consecutive branchings. Do not define when nbra > 0 in the simulation section.,DMC time between consecutive branchings. Do not define when nbra > 0 in the simulation section.,"projection time (i.e, \exp(-\tau \cdot \hat{\mathcal{H}})). Set 0.1 in general. However, for a heavy element, it is better to choose a smaller value. Please check Average number of survived walkers in out_fn
Av. num. of survived walkers/ # walkers in the branching
0.9939
if the number is too small, try smaller tbra.","datasdmc.input:

.. code-block:: text

    tbra=0.1d0 ! time step in DMC

datasfn.input:

.. code-block:: text

    tbra=0.1d0 ! DMC time (H^{-1}) between consecutive branching
","datasfn.README:

.. code-block:: text

    ``tbra`` (real*8) Time interval between two consecutive branchings.
",dmclrdmc,"turborvb.x, readforward.x, prep.x",,read_datasmin_53,"read_datas.f90:255 -- 257, 995, 1071 -- 1202",
gamma,``real*8``,``0.d0``,The γ parameter in LRDMC. Accept default.,The γ parameter in LRDMC. Accept default.,None,"datasfn.input:

.. code-block:: text

    !gamma=0.d0 ! gamma in LRDMC, if positive use readf.x later to see the energy
                  if negative use readqe.x later to sample the sign
","datasfn.README:

.. code-block:: text

    LRDMC allows to make several tasks from correlated sampling of E(gamma)
    and E(-gamma), SR technique up to release nodes.
    Here H^gamma= H+ (1+gamma) O
    where O is a suitable operator that allows to avoid the sign problem
    only for gamma>=0.  gamma=-1 means the exact sampling of the Hamiltonian.

    In principle variational upper bound of the energy even in presence of
    ``srpar`` > 0 (with the nodes of the lanczos step) are possible with
    ``optbra`` = 3 ``gamma`` = 0 ``espcutdmc`` > 0 and the growth estimator
    for the energy (readffn.x).

    ``optbra`` (integer)


    selects the various types of branching according to a positive
    definite weight. Correlated sampling or release node can be obtained
    =============
    if: iread=6  is defined in the &readio  section.
    =============

    for srpar .eq.0 wconf represents the weights of H    with signs
    ===       wconfn  ==                     H^{gamma} with no signs
    otherwise wconf refers to H^{-1}=H the true Hamiltonian for gamma<0.
    for gamma>0 srpar ne 0 the same apply so the exact release is done
    in this case only for gamma=1.

readqsign.README:

.. code-block:: text


    gamma < 0 (for gamma>=0 is equivalent to readf.x)
        gamma=-1 exact but discouraged (you cannot do fermions starting from bosons)

readqe.README:

.. code-block:: text

    optbra =even  ( branching on the reference weigths Wn with gamma=|gamma|>0)
    optbra =odd   ( branching on the absolute values of weigths W with signs)
    gamma < 0 (for gamma>=0 is equivalent to readf.x)
    For gamma>0 the weights W refer to the exact Hamiltonian H
    For gamma<0 ===                               H^gamma (= H for gamma=-1).

    gamma=-1 exact but discouraged (you cannot do fermions starting from bosons)

    Input
    nbias  =  # correcting factors used for the initial state to propagate
    maxf   =  max # of release node steps (<sign> drops exponentially)
    lbin   =  bin length for the blocking used for estimating error bars
    ibinit =  Initial bin used for statistical averages
    iskip  =  distance between two consecutive measures (iskip=1--> all)

    For optbra=0,2,4,...  (even)

    No difference between optbra=0,2,4 but for

    optbra=4,gamma<0 reference Weight is modified =  W if W>0
                                            :math:`-|gamma|` W if W<0

    where hereafter W refers to the exact weights of H (obtained for gamma=-1).


    Output --> fort.21.for  ! E(-gamma) vs correcting factors

    Output --> fort.22.for  ! E(gamma) vs correcting factors with <sign>
               fort.21 fort.22  ! bin averages of energy and weights +/-gamma
               respectively  at the maximum # release nodes iter=maxf (input)

    For optbra=1,3,5,...   (odd)

    No difference between 1,5,...,
    Only optbra=3 is special.

    optbra=3 the reference weights W are the exact ones for gamma>0,
    or refer to H^{gamma} for gamma<0:
    If  W<0 the walker is killed so as to implement the fixed node constraint
    also for srpar>0. Only the Growth estimator  of the energy is rigorously
    variational (see readffn.x).


    Output --> fort.21.for  ! E(-gamma) vs correcting factors

    Output --> fort.22.for  ! E(gamma) vs correcting factors with <sign>
               fort.21 fort.22  ! bin averages of energy and weights -/+gamma
               respectively  at the maximum # release nodes iter=maxf (input)


    Then  you can run enerfn.x WITH THE SAME :math:`|gamma|` for optbra=0 and
                                            :math:`-|gamma|` for optbra=1.

    See example in ~/trunk/test/lrdmc_neggamma/scripttest
",dmclrdmc,"turborvb.x, readforward.x, prep.x",,read_datasmin_54,read_datas.f90:258,
plat,``real*8 plat(3)``,automatic,"a function p(r) dividing the dense and coarse regions. Default value is 0.0 for the single-grid LRDMC (i.e., alat2=0.0), automatically adjusted for the double-grid LRDMC (i.e., alat2=finite value)","a function p(r) dividing the dense and coarse regions. Default value is 0.0 for the single-grid LRDMC (i.e., alat2=0.0), automatically adjusted for the double-grid LRDMC (i.e., alat2=finite value)",None,"datasfn.input:

.. code-block:: text

    ! plat(1)= r_c ! Define it if you want to change the region r<rc where small
                     lattice space is used, larger- more accurate- slower and viceversa
",None,dmclrdmc,"turborvb.x, readforward.x, prep.x",,read_datasmin_55,"read_datas.f90:259, 277 -- 278, 995, 1071 -- 1202",
alat2,``real*8``,"if `alat` > 0, `alat2` is set automatically (double-grid scheme), else (i.e., `alat` < 0), the default value of `alat2` is 0.","Double-grid Lattice space. alat2 = a’/a, where a is the smallest regularization grid and a’ is the larger one used in the valence region (i.e., far from nuclei). When you put a negative value for alat, you should not specify alat2 (i.e., please comment it out). The default value of alat2 is determined by Nakano’s algorithm.","Double-grid Lattice space. alat2 = a’/a, where a is the smallest regularization grid and a’ is the larger one used in the valence region (i.e., far from nuclei). When you put a negative value for alat, you should not specify alat2 (i.e., please comment it out). The default value of alat2 is determined by Nakano’s algorithm.","The corser lattice space used in the double-grid calculation. If you put 0.0d0, TurboRVB does a single grid calculation. If you want to do a double-grid calculation for a compound include Z > 2 element, please comment out alat2 because alat2 is automatically set (See Nakano’s paper).","datasfn.input:

.. code-block:: text

    !alat2=2.      ! Doblle mesh alat2=a'/a. alat2=0 do not use double mesh (slower but standard).
","datasfn.README:

.. code-block:: text

    ``alat2``  (real*8) =  Double grid lattice space. ``alat2`` :math:`= \frac{a'}{a}`  [default :math:`\frac{a'}{a}= \sqrt(zmax^2+1)`]

        for ``alat`` > 0, ``alat2`` has to be irrational

        for ``alat`` < 0, ``alat2`` can be any positive number

        for ``alat2`` = 0, single mesh is assumed.

    CHOICE OF THE LATTICE REGULARIZATION.
    ==========================================================

    The lrdmc is based on the replacement
    H= -\nabla + V --> H^a = -\nabla^a + V^a
    Where \nabla^a is a lattice regularization of the laplacian \nabla
    defined with two lattice space a,a' with  a< a' (a'/a=alat2).
",dmclrdmc,"turborvb.x, readforward.x, prep.x",,read_datasmin_56,"read_datas.f90:260, 277 -- 279, 1071 -- 1154, 1202",
alat,``real*8``,"- if no input

  + ``0`` if itestr /= -6 and itestr4 /= -7 and itestr4 >= -20
  + ``-1.d0/zmax`` otherwise
","Z_max is the largest effective nuclear charge in the system. Lattice space a of the smallest regularization grid. Accept default. If you want to do a single-grid LRDMC calculation, please put a negative value to satisfy the detailed-balance. If you want to do a double-grid LRDMC, please put a positive value and switch on iesrandoma.","Z_max is the largest effective nuclear charge in the system. Lattice space a of the smallest regularization grid. Accept default. If you want to do a single-grid LRDMC calculation, please put a negative value to satisfy the detailed-balance. If you want to do a double-grid LRDMC, please put a positive value and switch on iesrandoma.","The lattice space for discretizing the Hamitonian. If you do a single grid calculation (i.e., alat2=0.0d0), please put a negative value. If you do a double-grid calculation (See. Nakano’s paper), put a positive value and set iesrandoma=.true.. This trick is needed for satisfying the detailed-valance condition.","datasfn.input:

.. code-block:: text

    alat=0.125d0   ! lattice space a  (negative alat  means randomize directions) necessary for continuous
","datasfn.README:

.. code-block:: text

    ``alat`` (real*8) Lattice space mesh ''a'' exact result for a-->0.
    For, ``alat`` < 0  random mesh is assumed with a=|alat|
",dmclrdmc,"turborvb.x, readforward.x, prep.x",,read_datasmin_57,"read_datas.f90:261, 919 -- 939",
tstepfn,``real*8``,``0.d0``,"0.0 -> Fixed-node, 1.0 -> LRDMC becomes a VMC calc.","0.0 -> Fixed-node, 1.0 -> LRDMC becomes a VMC calc.",None,None,None,dmclrdmc,"turborvb.x, readforward.x, prep.x",,read_datasmin_58,read_datas.f90:262,
Klrdmc,``real*8``,``0.d0``,η parameter of LRDMC. η = 1 + Ka^2,η parameter of LRDMC. η = 1 + Ka^2,None,"datasfn.input:

.. code-block:: text

    !Klrdmc=0.d0   ! eta =1.+Klrdmc  a^2
","datasfn.README:

.. code-block:: text

    ``klrdmc`` (real*8) :math:`\eta = 1 + klrdmc*alat^2`, controls scaling of kinetic energy in the
    lattice regularization (default a quadratic expression
    depending on ``zmax``, see ``allio.f90``, where ``zmax`` is the maximum number of valence electrons in each atom)
",dmclrdmc,"turborvb.x, readforward.x, prep.x",,read_datasmin_59,read_datas.f90:263,
optbra,``integer``,``0``,unclear,unclear,None,"datasfn.input:

.. code-block:: text

    !optbra=0     ! Various types of branching

","datasfn.README:

.. code-block:: text

    ``optbra`` (integer)


    selects the various types of branching according to a positive
    definite weight. Correlated sampling or release node can be obtained
    =============
    if: iread=6  is defined in the &readio  section.
    =============

    for srpar .eq.0 wconf represents the weights of H    with signs
    ===       wconfn  ==                     H^{gamma} with no signs
    otherwise wconf refers to H^{-1}=H the true Hamiltonian for gamma<0.
    for gamma>0 srpar ne 0 the same apply so the exact release is done
    in this case only for gamma=1.
    optbra=0, and even  normal branching on wconfn
    optbra=1  branching on :math:`|wconf|` wconf are the weights of H untouched
    optbra=3  ================     wconf>0  only, wconf < disregarded.

    When epscutdmc  ne 0 two choices of branching are possible
    optbra=4   branching with respect to the positive weights of the trial
    This shoulr be better for correlated sampling over the initial  time of release nodes.
    optbra.ne.4 and even   with respect to the Guiding with epscutdmc
    This should be better for several steps of release nodes.

readqe.README:

.. code-block:: text

    optbra =even  ( branching on the reference weigths Wn with gamma=|gamma|>0)
    optbra =odd   ( branching on the absolute values of weigths W with signs)
    gamma < 0 (for gamma>=0 is equivalent to readf.x)
    For gamma>0 the weights W refer to the exact Hamiltonian H
    For gamma<0 ===                               H^gamma (= H for gamma=-1).

    gamma=-1 exact but discouraged (you cannot do fermions starting from bosons)

    Input
    nbias  =  # correcting factors used for the initial state to propagate
    maxf   =  max # of release node steps (<sign> drops exponentially)
    lbin   =  bin length for the blocking used for estimating error bars
    ibinit =  Initial bin used for statistical averages
    iskip  =  distance between two consecutive measures (iskip=1--> all)

    For optbra=0,2,4,...  (even)

    No difference between optbra=0,2,4 but for

    optbra=4,gamma<0 reference Weight is modified =  W if W>0
                                            :math:`-|gamma|` W if W<0

    where hereafter W refers to the exact weights of H (obtained for gamma=-1).


    Output --> fort.21.for  ! E(-gamma) vs correcting factors

    Output --> fort.22.for  ! E(gamma) vs correcting factors with <sign>
               fort.21 fort.22  ! bin averages of energy and weights +/-gamma
               respectively  at the maximum # release nodes iter=maxf (input)

    For optbra=1,3,5,...   (odd)

    No difference between 1,5,...,
    Only optbra=3 is special.

    optbra=3 the reference weights W are the exact ones for gamma>0,
    or refer to H^{gamma} for gamma<0:
    If  W<0 the walker is killed so as to implement the fixed node constraint
    also for srpar>0. Only the Growth estimator  of the energy is rigorously
    variational (see readffn.x).


    Output --> fort.21.for  ! E(-gamma) vs correcting factors

    Output --> fort.22.for  ! E(gamma) vs correcting factors with <sign>
               fort.21 fort.22  ! bin averages of energy and weights -/+gamma
               respectively  at the maximum # release nodes iter=maxf (input)


    Then  you can run enerfn.x WITH THE SAME :math:`|gamma|` for optbra=0 and
                                            :math:`-|gamma|` for optbra=1.
",dmclrdmc,"turborvb.x, readforward.x, prep.x",,read_datasmin_60,read_datas.f90:264,
parcutg,``integer``,"1 for LRDMC, otherwise 0","Use parcutg=1. parcutg=0 for standard LRDMC with no cutoff (energy unbounded), but it now works.","Use parcutg=1. parcutg=0 for standard LRDMC with no cutoff (energy unbounded), but it now works.",None,"datasfn.input:

.. code-block:: text

    !parcutg=1     ! Default is the right choice, parcutg=2 for cusp (all electrons),
                     parcutg=1 all pseudo smooth
","datasfn.README:

.. code-block:: text

    parcutg (integer)  (default =1  a much better  choice so far tested for LRDMC,
     larger pacrutg should correspond to even better choices but still to be tested).

    parcutg=0  vpotr=vpota.

    It is well defined only when the FN approximation
    is employed otherwise the effective potential V^a is unbounded
    from below and the lattice regularization is ill defined.
    Therefore do not use parcutg=0 for sampling the sign.
    The exact energy will be -infty for any a>0.

    abs(parcutg)=1  vpotr=max(vpotc,vpota,-costtmu)

    only when the
    wavefunction changes by displacing one electron by means
    of the shorter lattice space of length a (alat).
    Otherwise vpotr=vpota.
    The error is always order a^2 within LRDMC.
    costtmu= sum_neighbor_lrdmc  1/a_mu^2
    Thus the ground state energy of H^a is bounded from below.
    Otherwise it is not guaranteed.

    abs(parcutg)=2  vpotr=max(vpotcreg,vpota)

    only when the wavefunction changes by displacing one electron by means
    of the shorter lattice space of length a (alat).
    Otherwise vpotr=vpota.
    vpotcreg = Coulomb potential with the electron-ion
    contribution regularized with  minimum el-ion distance r:
    r--> Max( r, alat ) if Z_sing>0.
    Z_sing is the singular part of the total Coulomb and
    local part of the pseudo diverging as -Z_sing/r.
    In particular when the local part of the pseudo cancels
    the Coulomb singularity Z_sing=0 and :math:`|parcutg| = 2` is equivalent
    to :math:`|parcutg| = 1`.
    The error is always order a^2 within LRDMC.
    Thus the ground state energy of H^a is bounded from below.
    Otherwise it is not guaranteed.


    parcutg<0

    Same as abs(parcutg), but choose a linear approximation in
    time  for time integrated averages and weight updates.
    This should reduce statistical fluctuation at a cost of
    a small bias that however vanishes also as alat^2
    (so it should be worth for SR or release nodes).
    Not recommended (bad performances and no control a->0).

    cutreg The cutoff acting as above when :math:`|parcutg| = 2`, can be scaled:
    alat--> alat*cutreg (Default cutreg=1).
    i.e. the minimum e-i distance is Max( r, cutreg x alat )
",dmclrdmc,"turborvb.x, readforward.x, prep.x",,read_datasmin_61,"read_datas.f90:265, 277, 282, 322 -- 333, 919 -- 939",
novar,``integer``,"- ``0`` or ``-1`` if no input

- ignore input

  + ``0`` if parcutg == 0
  + ``0`` if parcutg /= 0 and itestr /= -6 and itestr4 /= -7 and itestr4 >= -20
","unclear, used for evaluating local energies in the subroutines updiag/updiag_complex compute the local energy both diagonal and off-diagonal part. Regularization of the Coulomb potential is also computed.","unclear, used for evaluating local energies in the subroutines updiag/updiag_complex compute the local energy both diagonal and off-diagonal part. Regularization of the Coulomb potential is also computed.",None,"datasfn.input:

.. code-block:: text

    !novar=0       ! Growth estimator = <H^a>, integrated energy = <H> mixed average
","datasfn.README:

.. code-block:: text

    novar (integer) (default novar=0, the most straightforward estimate)

    novar=0  the local energy with the wave function wft  defined above refers to  the continuous Hamiltonian H.
    novar=1  regularized Hamiltonian H^a for parcutg=0  novar=1 has no effect.
    novar=2   The local energy is chosen to be the average between the above two choices.This looks to optimize the a-->0 error in system with PBC (empirical), otherwise it looks always better novar=0. Not recommended just a fit that works sometimes.
    novar=3   The local energy of the guiding function is used if epscutdmc>0.
",dmclrdmc,"turborvb.x, readforward.x, prep.x",,read_datasmin_62,"read_datas.f90:267, 277, 281, 919 -- 939",
epscutdmc,``real*8``,``0.d0``,regularization used in a DMC calculation. the detail is under investigation.,regularization used in a DMC calculation. the detail is under investigation.,None,"datasfn.input:

.. code-block:: text

    !epscutdmc=0  ! Cutoff in the Guiding function close to nodes. Non zero if
                    release nodes are required.
","datasfn.README

.. code-block:: text

    epscutdmc (real*8) input if non zero then typereg (default=0) is also used and:

    The LRDMC hamiltonian H^a is defined as before but a guiding function wfb is
    used to sample  the region where  the fermion wave function vanishes:
    The trial function wf=Dx J that defines the LRDMC Hamiltonian is the product
    of a Determinant D times a Jastrow factor J, that never vanishes,
    whereas the guiding function wfg is defined as follows:

    typereg=0,2,4,...

     wfg= D xJ                          if log(:math:`|D|`) > epscutdmc
     wfg= exp(epscutdmc) Sign(D) xJ           otherwise

    typereg=1,3,5,...

     wfg= D xJ                          if log(:math:`|D|` J) > epscutdmc
     wfg= exp(epscutdmc) Sign(D)           otherwise

    A relevant choice of epscutdmc can be guessed by looking to the
    final output average log Det is reported.
    epscutdmc can be safely chosen < log Det> -2 sigma.

    %%%%%%%%%%%%%%%%%%%%%%%%%%%%%%%%%%%%%%%%%%%%%%%%%%%%%%%%%%%%%%%%%%%%%%%%
",dmclrdmc,"turborvb.x, readforward.x, prep.x",,read_datasmin_63,read_datas.f90:268,
typereg,``integer``,``0``,"How to deal with the spin-flip term, 0: Standard (Det. + Jas.), 6: only Det.","How to deal with the spin-flip term, 0: Standard (Det. + Jas.), 6: only Det.",None,None,"datasfn.README:

.. code-block:: text

    %%%%%%%%%%%%%%%%%%%%%%%%%%%%%%%%%%%%%%%%%%%%%%%%%%%%%%%%%%%%%%%%%%%%%%%%%%

    epscutdmc (real*8) input if non zero then typereg (default=0) is also used and:

    The LRDMC hamiltonian H^a is defined as before but a guiding function wfb is
    used to sample  the region where  the fermion wave function vanishes:
    The trial function wf=Dx J that defines the LRDMC Hamiltonian is the product
    of a Determinant D times a Jastrow factor J, that never vanishes,
    whereas the guiding function wfg is defined as follows:

    typereg=0,2,4,...

     wfg= D xJ                          if log(:math:`|D|`) > epscutdmc
     wfg= exp(epscutdmc) Sign(D) xJ           otherwise

    typereg=1,3,5,...

     wfg= D xJ                          if log(:math:`|D|` J) > epscutdmc
     wfg= exp(epscutdmc) Sign(D)           otherwise

    A relevant choice of epscutdmc can be guessed by looking to the
    final output average log Det is reported.
    epscutdmc can be safely chosen < log Det> -2 sigma.

    %%%%%%%%%%%%%%%%%%%%%%%%%%%%%%%%%%%%%%%%%%%%%%%%%%%%%%%%%%%%%%%%%%%%%%%%
",dmclrdmc,"turborvb.x, readforward.x, prep.x",,read_datasmin_64,read_datas.f90:233,
epstldmc,``real*8``,"- if no input

  + if itest == 1 or itestr4 == -7

    - ``0.d0`` if epscutdmc /= 0.d0
    - ``0.d0`` if epscutdmc == 0.d0 (ignore input)
    - ``-1.d0`` otherwise
","psidetln(j) is smaller than epstldmc, then kill the walker.","psidetln(j) is smaller than epstldmc, then kill the walker.",None,None,None,dmclrdmc,"turborvb.x, readforward.x, prep.x",,read_datasmin_65,"read_datas.f90:269, 277, 283, 335 -- 340",
rejweight,``logical``,"- if no input

  + ``.true.`` if itest == 1 or itestr4 == -7

- ignore input

  + ``.false.`` if (itest == 1 or itestr4 == -7) and itestr == -3",rejecting or rescaling the weights according to the acceptance/rejection step) in standard dmc or non local dmc with heat bath after all electron diffusion rejecting or rescaling the weights according to acceptance should be the best choice. In non local dmc with heat bath after single particle diffusion the best choice is not to reject the weights.,rejecting or rescaling the weights according to the acceptance/rejection step) in standard dmc or non local dmc with heat bath after all electron diffusion rejecting or rescaling the weights according to acceptance should be the best choice. In non local dmc with heat bath after single particle diffusion the best choice is not to reject the weights.,None,"datasdmc.input:

.. code-block:: text

    !rejweight=.true.  ! option to switch on/off the rejection of the weights after
                         a rejection in the diffusion
                         (optimal default .false. for itestr4=-3, .true. otherwise)
",None,dmclrdmc,"turborvb.x, readforward.x, prep.x",,read_datasmin_66,"read_datas.f90:277, 284, 297",
cutreg,``real*8``,automatic,DMC cutoff on local energy (Ry).,DMC cutoff on local energy (Ry).,None,None,"datasfn.README:

.. code-block:: text

    cutreg The cutoff acting as above when :math:`|parcutg| = 2`, can be scaled:
    alat--> alat*cutreg (Default cutreg=1).
    i.e. the minimum e-i distance is Max( r, cutreg x alat )
",dmclrdmc,"turborvb.x, readforward.x, prep.x",,read_datasmin_67,"read_datas.f90:277, 285, 879 -- 895, 941 -- 949",
cutweight,``real*8``,automatic,"regularization parameter in eq.4 of S. Pathak and L.K. Wagner [AIP Advances 10, 085213 (2020)]","regularization parameter in eq.4 of S. Pathak and L.K. Wagner [AIP Advances 10, 085213 (2020)]",None,None,None,dmclrdmc,"turborvb.x, readforward.x, prep.x",,read_datasmin_68,"read_datas.f90:232, 2472 -- 2494",
better_dmc,``logical``,"- ``.true.`` if itest == 1 or itestr4 == -7
",unclear,unclear,None,None,None,dmclrdmc,"turborvb.x, readforward.x, prep.x",,read_datasmin_69,"read_datas.f90:277, 288",
yesalfe,``logical``,"- if itest == 1 or itestr4 == -7

  + ``.false.`` itestr == -3
  + ``.true.`` itestr /= -3
",unclear,unclear,None,None,,dmclrdmc,"turborvb.x, readforward.x, prep.x",,read_datasmin_70,"read_datas.f90:277, 291, 295",
safelrdmc,``logical``,``.false.``,unclear,unclear,None,None,None,dmclrdmc,"turborvb.x, readforward.x, prep.x",,read_datasmin_71,read_datas.f90:296,
changelambda,``logical``,"- ``.true.`` if itest == 1 or itestr4 == -7
- ``.false.`` otherwise
",unclear,unclear,None,None,None,dmclrdmc,"turborvb.x, readforward.x, prep.x",,read_datasmin_72,"read_datas.f90:270, 277, 292",
noblocking,``logical``,- ``.false.`` if itest == 1 or itestr4 == -7,unclear,unclear,None,None,None,dmclrdmc,"turborvb.x, readforward.x, prep.x",,read_datasmin_73,"read_datas.f90:277, 293",
add_diff,``logical``,``.true.``,unclear,unclear,None,None,None,dmclrdmc,"turborvb.x, readforward.x, prep.x",,read_datasmin_74,read_datas.f90:276,
nbra_cyrus,``integer``,- ``0`` if itest == 1 or itestr4 == -7,"A parameter to compute forces using the practical scheme developed by S. Moroni et al. (originally devised by Cyrus Umrigar), corresponding n in Eqs. 12 and 13 of the paper [J. Chem. Theory Comput. 2014, 10, 11, 4823–4829]","A parameter to compute forces using the practical scheme developed by S. Moroni et al. (originally devised by Cyrus Umrigar), corresponding n in Eqs. 12 and 13 of the paper [J. Chem. Theory Comput. 2014, 10, 11, 4823–4829]",None,None,None,dmclrdmc,"turborvb.x, readforward.x, prep.x",,read_datasmin_75,"read_datas.f90:232, 2472 -- 2494",
lrdmc_der,``logical``,``.false.``,unclear,unclear,None,None,None,dmclrdmc,"turborvb.x, readforward.x, prep.x",,read_datasmin_76,read_datas.f90:271,
lrdmc_nonodes,``logical``,``.false.``,unclear,unclear,None,None,None,dmclrdmc,"turborvb.x, readforward.x, prep.x",,read_datasmin_77,read_datas.f90:272,
enforce_detailb,``logical``,``.false.``,the detailed-balance,the detailed-balance,None,None,None,dmclrdmc,"turborvb.x, readforward.x, prep.x",,read_datasmin_78,read_datas.f90:273,
iesrandoma,``logical``,"- ``.true.`` if no input
- ignore input

  - ``.true.`` if enforce_detailb is .true. or alat < 0.d0
",flag to randomize the direction of the electron’s diffusion.,flag to randomize the direction of the electron’s diffusion.,None,None,None,dmclrdmc,"turborvb.x, readforward.x, prep.x",,read_datasmin_79,"read_datas.f90:274, 2246 -- 2249",
zmin,``real*8``,- ``0.d0`` if itest == 1 or itestr4 == -7,the minimum effective Z for which the double-grid LRDMC is applied.,the minimum effective Z for which the double-grid LRDMC is applied.,None,None,None,dmclrdmc,"turborvb.x, readforward.x, prep.x",,read_datasmin_80,"read_datas.f90:277, 298",
yes_fastbranch,``logical``,- ``.false.`` if itest == 1 or itestr4 == -7,unclear,unclear,None,None,None,dmclrdmc,"turborvb.x, readforward.x, prep.x",,read_datasmin_81,"read_datas.f90:277, 305",
l0_kousuke,``real*8``,"- ``2.d0`` if itest == 1 or itestr4 == -7
","a parameter for the double-grid LRDMC. See “l” in the Eq.6 of the paper (Phys. Rev. B 101, 155106 (2020)).","a parameter for the double-grid LRDMC. See “l” in the Eq.6 of the paper (Phys. Rev. B 101, 155106 (2020)).",None,None,None,dmclrdmc,"turborvb.x, readforward.x, prep.x",,read_datasmin_82,"read_datas.f90:277, 306",
nw_max,``integer``,- ``-1`` if itest == 1 or itestr4 == -7,max number of. walker,max number of. walker,None,None,None,dmclrdmc,"turborvb.x, readforward.x, prep.x",,read_datasmin_83,"read_datas.f90:277, 307",
true_wagner,``integer``,"- if no input

  + ``2`` lrdmc_der is .true. and lrdmc_nonodes is .false.
  + ``-1`` otherwise","if true_wagner=2, the regularization developed by S. Pathak and L.K. Wagner [AIP Advances 10, 085213 (2020)]","if true_wagner=2, the regularization developed by S. Pathak and L.K. Wagner [AIP Advances 10, 085213 (2020)]",None,None,None,dmclrdmc,"turborvb.x, readforward.x, prep.x",,read_datasmin_84,"read_datas.f90:231, 2468 -- 2471",
weight_moroni,``real*8``,``1.0d0``,unclear,unclear,None,None,None,dmclrdmc,"turborvb.x, readforward.x, prep.x",,read_datasmin_85,read_datas.f90:275,
tpar,``real*8``,``0.35d0``,"Optimization step; in the case of the linear method (itestr4 = -4, -8) reduces the step from its ideal value (tpar = 1) that is unfortunately unstable for large number of variational parameters or small statistics. In the simpler SR method tpar has to be set by hand as in the standard steepest descent method.","Optimization step; in the case of the linear method (itestr4 = -4, -8) reduces the step from its ideal value (tpar = 1) that is unfortunately unstable for large number of variational parameters or small statistics. In the simpler SR method tpar has to be set by hand as in the standard steepest descent method.","- description(tutorials):

``tpar`` a hyper parameter :math:`\Delta` for the acceleration (DOUBLE).  See the eq. 128 and eq. 139 of the review_ paper, for the SR and LR method, respectively.
~ 0.30 is preferable for LR method. On the other hand, ~1.0d-4 can be an initial value of ``tpar`` for the SR method, and you can use ``adjust_tpar`` option to find an optimal ``tpar`` automatically, as discussed later.


- description(98wavefunctionoptimization):

  - tpar: Acceleration parameter (i.e., learning rate.)

  .. code-block:: text

    tpar
    ^^^^^^^^^^^^

    For example, in the stochastic reconfiguration (SR) method, the variational parameters
    are updated as:

    .. math::

        {\alpha _k} \to {\alpha _k} + \Delta  \cdot {\left( {{{{\boldsymbol{\mathcal{S'}}}}^{ - 1}}{\mathbf{f}}} \right)_k},


    where :math:`\Delta` is ``tpar``, :math:`{\mathbf{f}}` is the general force vector, and :math:`{\boldsymbol{\mathcal{S'}}}` is
    the variance-covariance matrix which is stochastically evaluated by means of :math:`M` configuration samples :math:`{\mathbf{x}} = \left\{ {{{\mathbf{x}}_1},{{\mathbf{x}}_2}, \ldots {{\mathbf{x}}_M}} \right\}`:

    .. math::

        {{\mathcal{S}}_{k,k'}} = \left[ {\frac{1}{M}\sum\limits_{i = 1}^M {\left( {{O_k}\left( {{{\mathbf{x}}_i}} \right) - {{\bar O}_k}} \right) ^ * \left( {{O_{k'}}\left( {{{\mathbf{x}}_i}} \right) - {{\bar O}_{k'}}} \right)} } \right],

    where :math:`{O_k}\left( {{{\mathbf{x}}_i}} \right) = \frac{{\partial \ln \Psi \left( {{{\mathbf{x}}_i}} \right)}}{{\partial {\alpha _k}}}` and :math:`{{\bar O}_k} = \frac{1}{M}\sum\limits_{i = 1}^M {{O_k}\left( {{{\mathbf{x}}_i}} \right)}`.
","datastest.input:

.. code-block:: text

    tpar=0.125 ! the step predicted by a given optimization techn. is reduced by
                 a factor tpar to improve stability (QMC has noise!)

datasmin.input:

.. code-block:: text

    tpar=0.35 ! the step predicted by a given optimization technique is reduced
                by a factor tpar to improve stability (QMC has noise!)
",None,optimization,"turborvb.x, readforward.x, prep.x",,read_datasmin_86,read_datas.f90:351,
nfat,``integer``,``0``,WIP,None,None,None,None,optimization,"turborvb.x, readforward.x, prep.x",,read_datasmin_87,read_datas.f90:354,
iboot,``integer``,"- ``0`` no input
- ignore input

  + ``0`` if nmore_force > 1
  + ``0`` if iboot < 0
",Number of step before making averages in the bin of length nweight. nweight-iboot has to be a multiple of nbinr.,Number of step before making averages in the bin of length nweight. nweight-iboot has to be a multiple of nbinr.,iboot Number of equilibrium step per a optimization step (INTEGER).,"datastest.input:

.. code-block:: text

    iboot=50 ! disregarded number of configurations in the averages over the bin

datasmin.input:

.. code-block:: text

    iboot=0 ! disregarded initial number of configurations in the averages
              over the bin nweight.
",None,optimization,"turborvb.x, readforward.x, prep.x",,read_datasmin_88,"read_datas.f90:355, 549 -- 552, 558 -- 561",
nweight,``integer``,``1``,Number of sampling used for each iteration of the optimization steps.,Number of sampling used for each iteration of the optimization steps.,"Number of Monte Carlo sampling per a optimization step (INTEGER). Be careful to choose nweight. If it is too small, the outcome is biased, also error bars during optimization steps become too large. Again, the total number of optimization steps is ngen/nweight.","datastest.input:

.. code-block:: text

    nweight=10000 ! bin length for each QMC optimization step: the bin.

datasmin.input:

.. code-block:: text

    nweight=10000 ! bin length for each QMC optimization step: the bin.
",None,optimization,"turborvb.x, readforward.x, prep.x",,read_datasmin_89,read_datas.f90:356,
nmore_force,``integer``,``1``,"If dynamics is employed, the number of samples used during the last step of optimization is increased by a factor (nmore_force+1).","If dynamics is employed, the number of samples used during the last step of optimization is increased by a factor (nmore_force+1).",None,"datasminmol.input:

.. code-block:: text

    !nmore_force=1 ! if using dynamics the corresponding nweight is multiplied
                     by nmore_force only when computing ionic forces (ieskin>0).
                     iboot=0 in this case (otherwise forced).

datasmin.input:

.. code-block:: text

    !nmore_force=1 ! if using dynamics the corresponding nweight is multiplied
                     by nmore_force only when computing ionic forces (ieskin>0).
                     iboot=0 in this case (otherwise forced).
",None,optimization,"turborvb.x, readforward.x, prep.x",,read_datasmin_90,"read_datas.f90:358, 545 -- 548",
epsi,``real*8``,``10000d0``,Cutoff for reducing too large changes of WF such that Δpsi/\|psi\| > epsi.,Cutoff for reducing too large changes of WF such that Δpsi/\|psi\| > epsi.,None,None,None,optimization,"turborvb.x, readforward.x, prep.x",,read_datasmin_91,read_datas.f90:359,
eps_dyn5,``real*8``,``0.d0``,WIP,None,None,None,None,optimization,"turborvb.x, readforward.x, prep.x",,read_datasmin_92,read_datas.f90:403,
epsdgel,``real*8``,``0.001d0``,WIP,None,None,"datasminmol.input:

.. code-block:: text

    !epsdgel=1d-4 ! threshold for the elimination of parameters from minimization.

datastest.input:

.. code-block:: text

    epsdgel=1d-4 ! accuracy in solving the SR step  S x = f with a method depending on kl

datasmin.input:

.. code-block:: text

    epsdgel=1d-5 ! threshold for the elimination of parameters from minimization.
",None,optimization,"turborvb.x, readforward.x, prep.x",,read_datasmin_94,"read_datas.f90:362, 537 -- 541",
kl,``integer``,"- ``-7`` if no input
- with input value

  + if npar /= 0 or nparsw /= 0 or nparinv /= 0 or npower /= 0

    - ``7`` if kl > 0
    - ``-7`` if kl <= 0
","Method used for the solution of the linear equation Sx = f, where f are energy derivatives and x parameters change in the stochastic reconfiguration. kl=-7 is mandatory for signalnoise=.true. optimization method. It is faster for large number of parameters and small number of sampling per processor. kl=-6 may be useful for small systems/computers when the number of sampling per processor is very large.","Method used for the solution of the linear equation Sx = f, where f are energy derivatives and x parameters change in the stochastic reconfiguration. kl=-7 is mandatory for signalnoise=.true. optimization method. It is faster for large number of parameters and small number of sampling per processor. kl=-6 may be useful for small systems/computers when the number of sampling per processor is very large.",None,"datasminmol.input:

.. code-block:: text

    !kl=-7 ! kl=-6 Use conjugate gradients to solve Sx=f
             convenient for nweight> # parameters,
             otherwise use kl=-7 (default)  x= direction in parameter space,
             f= QMC energy deriv.

datastest.input:

.. code-block:: text

    kl=-6 ! Use conjugate gradients to solve Sx=f (convenient for nweight>
            # parameters, otherwise use kl=-7) x= direction in par space,
            f= energy deriv.

datasmin.input:

.. code-block:: text

kl=-7 ! kl=-6 Use conjugate gradients to solve Sx=f
        (convenient for nweight > # parameters, otherwise use kl=-7) x= direction
        in par space, f= energy deriv.
","datasminmol.README:

.. code-block:: text

    The method assume that you have to parametrize and effectively
    optimize only the short range part before projection.
    Thus only this is the available option if the section &fitpar is
    not empty (see below).
",optimization,"turborvb.x, readforward.x, prep.x",,read_datasmin_95,"read_datas.f90:365, 995, 1510 -- 1518",
idyn,``integer``,"- ``0`` if no input

- if yesquantum is .true. and yesturboq is .true.

  + ``7`` if idyn /= 5, 6, 7, 8
","description(QMC):

To choose the type of ion dynamics. The available options are:

   - idyn=0: No dynamic option specified, i.e. standard optimization at fixed ion positions.
   - idyn=1: First order standard steepest descent dynamics.
   - idyn=2: Second order standard with damping.
   - idyn=3: More accurate.
   - idyn=5: New accelerated molecular dynamics.
   - idyn=6: Even more accurate but never published.
   - idyn=7: New second order Ornstein Uhlenbeck damped Newton dynamics.
   - idyn=8: Standard Ceriotti's second order damped Newton dynamics.
","description(QMC):

To choose the type of ion dynamics. The available options are:

   - idyn=0: No dynamic option specified, i.e. standard optimization at fixed ion positions.
   - idyn=1: First order standard steepest descent dynamics.
   - idyn=2: Second order standard with damping.
   - idyn=3: More accurate.
   - idyn=5: New accelerated molecular dynamics.
   - idyn=6: Even more accurate but never published.
   - idyn=7: New second order Ornstein Uhlenbeck damped Newton dynamics.
   - idyn=8: Standard Ceriotti's second order damped Newton dynamics.
",None,"datasminmol.input:

.. code-block:: text

    !idyn=0 ! if idyn>0 read the &dynamic section below (remove comment ""!"")
",None,optimization,"turborvb.x, readforward.x, prep.x",,read_datasmin_96,"read_datas.f90:367, 995, 1598, 1665 -- 1672",
nbinr,``integer``,``1``,Number of bins used in the optimization step of length nweight-iboot. This binning is used to estimate error bars during the simulation.,Number of bins used in the optimization step of length nweight-iboot. This binning is used to estimate error bars during the simulation.,Bin (reblocking) length per a optimization step (INTEGER).,"datastest.input:

.. code-block:: text

    nbinr=2 ! number of sample/walker for each bin used to evaluate error bars
              (nweight-iboot)/nbinr should be preferably integer

datasmin.input:

.. code-block:: text

    nbinr=10000 ! number of sample/walker for each bin used to evaluate error bars
                  (nweight-iboot)/nbinr should be preferably integer
",None,optimization,"turborvb.x, readforward.x, prep.x",,read_datasmin_97,read_datas.f90:369,
npbra,``integer``,``0``,"If npbra > 0 in the linear method, npbra parameters with the largest signal to noise ratio are also included.","If npbra > 0 in the linear method, npbra parameters with the largest signal to noise ratio are also included.",None,"datasminmol.input:

.. code-block:: text

    npbra=100 ! put in the hessian also normal parameters with signal/noise (devmax) > parcutpar
",None,optimization,"turborvb.x, readforward.x, prep.x",,read_datasmin_98,"read_datas.f90:371, 995, 1203, 1209 -- 1214, 1216 -- 1219, 1221 -- 1228, 1230 -- 1236, 1239 -- 1246, 1270 -- 1287, 1329 -- 1332",
ncg,``integer``,"- ``1`` if no input
- ignore input

  + ``1`` if ncg > 1 and itestrr /= -4
  + ``np`` if ncg > np
  + ``iskipdyn`` if stepcg_recount is .true. and ncg > iskipdyn
","If ncg > 1, a conjugate gradient approach is used with ncg gradients (generated on fly during the run) to accelerate convergence. ncg > 1 can be used only with the linear method (itestr4 = -4, -8).","If ncg > 1, a conjugate gradient approach is used with ncg gradients (generated on fly during the run) to accelerate convergence. ncg > 1 can be used only with the linear method (itestr4 = -4, -8).","The number of the natural gradients calculated the present and the previous optimization steps (ncg) to span global line parameter directions in eq. 135 of the review paper. See the VII B. Linear method section of the review paper. Choose 1 for the SR method (not used), 2-4 is fine for the linear method.","datastest.input:

.. code-block:: text

    ncg=4 ! number of previous SR directions x used to compute the Hessian to accelerate convergence
            to the minimum (use ncg small!, ncg=1 simple SR).

datasmin.input:

.. code-block:: text

    ncg=1 ! number of SR directions x used to compute the Hessian to accelerate convergence
            to the minimum (use ncg small!, ncg=1 simple SR).
",None,optimization,"turborvb.x, readforward.x, prep.x",,read_datasmin_99,"read_datas.f90:380, 553 -- 556, 995, 1324 -- 1327, 1598, 1684",
minz,``real*8``,``1.d-5``,Minimum/Maximum AGP orbital exponent Z allowed.,Minimum/Maximum AGP orbital exponent Z allowed.,None,None,None,optimization,"turborvb.x, readforward.x, prep.x",,read_datasmin_100,read_datas.f90:383,
maxz,``real*8``,``-1000.d0``,Minimum/Maximum AGP orbital exponent Z allowed.,Minimum/Maximum AGP orbital exponent Z allowed.,None,None,None,optimization,"turborvb.x, readforward.x, prep.x",,read_datasmin_101,read_datas.f90:384,
minzj,``real*8``,"- ``1.d-5`` if no input
- use input value

  + ``minz`` if minzj == -1000.d0 and minz /= -1000.d0
",Minimum/Maximum Jastrow orbital exponent Z allowed.,Minimum/Maximum Jastrow orbital exponent Z allowed.,None,None,None,optimization,"turborvb.x, readforward.x, prep.x",,read_datasmin_102,"read_datas.f90:386, 574 -- 577",
maxzj,``real*8``,"- if no input

  + ``maxz`` if minz /= -1000.d0
  + ``-1000.d0`` if minz == -1000.d0
",Minimum/Maximum Jastrow orbital exponent Z allowed.,Minimum/Maximum Jastrow orbital exponent Z allowed.,None,None,None,optimization,"turborvb.x, readforward.x, prep.x",,read_datasmin_103,"read_datas.f90:387, 578 -- 581",
parr,``real*8``,"``0.0d0``
","Determines the accuracy in the calculationa of the inverse of the SR matrix. The smaller the value, the more accurate (and fast) is the optimization, but the stability of the method gets worse. It should be decreased systematically up to at least 0.001 for fairly accurate wavefunction optimizations.","Determines the accuracy in the calculationa of the inverse of the SR matrix. The smaller the value, the more accurate (and fast) is the optimization, but the stability of the method gets worse. It should be decreased systematically up to at least 0.001 for fairly accurate wavefunction optimizations.","- description(tutorials):

``parr`` a hyper parameter  :math:`\varepsilon` for the regularization of the preconditioning matrix (i.e., ill-conditioned).  See the equation (130) of the review_ paper.

- description(98wavefunctionoptimization):

  - parr: Regularization (c.f., LASSO)

  .. code-block:: text

    parr
    ^^^^^^^^^^^^

    The straightforward implementation of the SR method is not stable mainly because the statistical noise sometimes makes the matrix :math:`{\boldsymbol{\mathcal{S}}}` ill-conditioned,
    which deteriorates the efficiency of the optimization method. Therefore, in practice, the diagonal elements of the  preconditioning matrix :math:`{\mathcal{S}}` are shifted by a small positive parameter (:math:`\varepsilon`) as:

    .. math::

        {s'_{i,i}} = {s_{i.i}}(1 + \varepsilon ),

    where :math:`\varepsilon` = ``parr`` in TurboRVB.

    This modification improves the efficiency of the optimization by  several orders of magnitude.
","datastest.input:

.. code-block:: text

    parr=0.1d0  ! the small eigenvalues of the matrix S are regularized
                  (parr=0 no regularization, small values help to faster but less stable convergence).

datasmin.input:

.. code-block:: text

    parr=0.1d0  ! the small eigenvalues of the matrix S are regularized
                  (parr=0 no regularization, small values help to go faster but
                   less stable convergence). If parr<0 the regularization is the
                  standard less efficient adding -parr x Identity to the sr matrix
",None,optimization,"turborvb.x, readforward.x, prep.x",,read_datasmin_104,read_datas.f90:391,
parcute,``real*8``,``0.d0``,WIP,None,None,None,None,optimization,"turborvb.x, readforward.x, prep.x",,read_datasmin_105,read_datas.f90:392,
parcut,``real*8``,"``epsmach*100.d0``
",WIP,None,None,None,None,optimization,"turborvb.x, readforward.x, prep.x",,read_datasmin_106,read_datas.f90:394,
parcutmin,``real*8``,``0.d0``,"If ncg > 1 is used in the minimization only the gradients that have a signal/noise ratio larger than parcutmin. If ncg = 0, the standard linear method with all parameters included in the optimization is used.","If ncg > 1 is used in the minimization only the gradients that have a signal/noise ratio larger than parcutmin. If ncg = 0, the standard linear method with all parameters included in the optimization is used.",None,"datasminmol.input:

.. code-block:: text

    !parcutmin=3 ! uses only previous SR directions with signal/noise > 3 (if ncg>1)
",None,optimization,"turborvb.x, readforward.x, prep.x",,read_datasmin_107,read_datas.f90:397,
parcutpar,``real*8``,"``0.d0``
","If npbra > 0, among the npbra selected, only the parameters with signal/noise ratio > parcutpar are optimized.","If npbra > 0, among the npbra selected, only the parameters with signal/noise ratio > parcutpar are optimized.",None,None,None,optimization,"turborvb.x, readforward.x, prep.x",,read_datasmin_108,read_datas.f90:399,
tion,``real*8``,"- if no input

    + ``tpar`` if signalnoise is .true.
    + ``-1.d0`` if signalnoise is .false.
","When dynamics is on (idyn > 0) it represents the time-step of the molecular dynamics. With idyn=5, has the scale of an energy and should be set small enough inversely proportional to the number of samples used to evaluate the covariance matrix.","When dynamics is on (idyn > 0) it represents the time-step of the molecular dynamics. With idyn=5, has the scale of an energy and should be set small enough inversely proportional to the number of samples used to evaluate the covariance matrix.",None,"datasminmol.input:

.. code-block:: text

    !tion=0.5  ! dt for dynamic when idyn>0 and  ieskin>0.
",None,optimization,"turborvb.x, readforward.x, prep.x",,read_datasmin_109,"read_datas.f90:401, 532 -- 534",
tcell,``real*8``,"- if no input

  + ``tion`` if ncore < 0 and tion /= -1.d0 and typedyncell /= 0
  + ``0.d0``
",WIP,None,None,None,None,optimization,"turborvb.x, readforward.x, prep.x",,read_datasmin_110,"read_datas.f90:405, 2542, 2549, 2555, 2580, 2587 -- 2590",
molopt,``integer``,"- ``0`` if no input

- ignore input

  + ``1`` if molopt /= 0 and (itestr == -5 or read_molecul is .true.)
","- description(DFT): Do not change this value, as DFT works with molecular orbitals only.
- description(QMC): If molopt = -1 optimization with fixed number of molecular orbitals is performed (nmolmax in the &molecul section should be defined in this case). If not specified, the standard optimization is employed.","- description(DFT): Do not change this value, as DFT works with molecular orbitals only.
- description(QMC): If molopt = -1 optimization with fixed number of molecular orbitals is performed (nmolmax in the &molecul section should be defined in this case). If not specified, the standard optimization is employed.",Always set 1 in a DFT calculation (INTEGER).,"prep.input:

.. code-block:: text

    Do not change this values, DFT only works with molecular orbitals.

datasminmol.input:

.. code-block:: text

    molopt=-1   ! molecular optimization option

    ! molopt=-1 allows the optimization of contracted. The molecular orbitals are written
                implicitly in the contracted basis. Input is better if satisfy this kind,
                e.g. Use DFT with contracted_on=.true., or convertfort10mol
                on an AGP with contracted orbitals.
","datasminmol.README:

.. code-block:: text

    molopt=1 ! default molopt>2 if best atomic contracted are evaluated
               using DMRG. molopt=2 only AGP, molopt=3 AGP and Jastrow

    molopt=1   (Apply new method with Projection, otherwise with molopt=0  the
    method is the usual one without projection).
    molopt=+/-2   Use DMRG to evaluate the best contracted
    atomic orbitals in the AGP  each time one applies convertmol.
    molopt<0 optimize the coefficients of the contracted orbitals also.

    molopt=+/-3   Use DMRG to evaluate the best contracted
    atomic orbitals both in  the AGP and Jastrow part
    each time one applies convertmol.
    molopt<0 optimize the coefficients of the contracted orbitals also.
",optimization,"turborvb.x, readforward.x, prep.x",,read_datasmin_111,"read_datas.f90:409, 2643, 2647, 2875 -- 2881",
epstion,``real*8``,``0.d0``,WIP,None,None,None,None,optimization,"turborvb.x, readforward.x, prep.x",,read_datasmin_112,read_datas.f90:360,
onebodysz,``logical``,"- ``.false.`` if no input

- ignore input

  + ``.true.`` if twobodyoff is .true. and iessz is .true.","If .true., optimize only the one body part of the spin Jastrow factor.","If .true., optimize only the one body part of the spin Jastrow factor.",None,"datasminmol.input:

.. code-block:: text

    ! onebodysz=.false. ! if .true. optimize only the one body part of the spin Jast row factor.
",None,optimization,"turborvb.x, readforward.x, prep.x",,read_datasmin_113,"read_datas.f90:411, 582 -- 587",
twobodyoff,``logical``,``.false.``,WIP,None,None,"datasminmol.input:

.. code-block:: text

    ! twobodyoff=.false. ! if .true. optimize only the one body part of the spin/density  Jastrow factor.

datasmin.input:

.. code-block:: text

    !twobodyoff=.false.  ! if .true. only one body part of the Jastrow is optimized
",None,optimization,"turborvb.x, readforward.x, prep.x",,read_datasmin_114,read_datas.f90:412,
iesdtwobodyoff,``logical``,``.false.``,WIP,None,None,"datasmin.input:

.. code-block:: text

    !iesdtwobodyoff=.false. ! if .true.  the homogeneous part  of the jastrow is not optimized,
                              (the one-body parameters for electron-ion cusp are instead considered).
",None,optimization,"turborvb.x, readforward.x, prep.x",,read_datasmin_115,read_datas.f90:413,
iesdonebodyoff,``logical``,``.false.``,WIP,None,None,None,None,optimization,"turborvb.x, readforward.x, prep.x",,read_datasmin_116,read_datas.f90:414,
tolcg,``real*8``,``1d-6``,WIP,None,None,"datasminmol.input, datasmin.input:

.. code-block:: text

    !tolcg=1d-8  ! Accuracy in solving S x =f in SR step in parallel mode by
                   conjugate gradients.
",None,optimization,"turborvb.x, readforward.x, prep.x",,read_datasmin_117,"read_datas.f90:364, 568 -- 572",
minjonetwobody,``real*8``,``0.05d0``,WIP,None,None,None,None,optimization,"turborvb.x, readforward.x, prep.x",,read_datasmin_118,"read_datas.f90:388, 588 -- 591",
symiesup,``logical``,``.false.``,WIP,None,None,"datasminmol.input:

.. code-block:: text

    !symiesup=.false. ! if .true. symmetrize contracted orbitals determined by DMRG
",None,optimization,"turborvb.x, readforward.x, prep.x",,read_datasmin_119,read_datas.f90:410,
yescutjas,``logical``,``.true.``,WIP,None,None,None,None,optimization,"turborvb.x, readforward.x, prep.x",,read_datasmin_120,read_datas.f90:416,
yescutdet,``logical``,``.true.``,WIP,None,None,None,None,optimization,"turborvb.x, readforward.x, prep.x",,read_datasmin_121,read_datas.f90:415,
fixpar,``logical``,``.false.``,WIP,None,None,"datasminmol.input:

.. code-block:: text

    !fixpar=.false. ! If .true. fixes the parameters outside the above limits.
",None,optimization,"turborvb.x, readforward.x, prep.x",,read_datasmin_122,read_datas.f90:417,
symmetrize_agp,``logical``,``.true.``,"If .true. (default), symmetrize the agp at each iteration step, as it can deteriorate due to numerical accuracy.","If .true. (default), symmetrize the agp at each iteration step, as it can deteriorate due to numerical accuracy.",None,None,None,optimization,"turborvb.x, readforward.x, prep.x",,read_datasmin_123,read_datas.f90:418,
yesquantum,``logical``,"- ``.false.`` if no input

- ignore input

  + ``.true.`` if idyn == 8 and nbead > 1",If yesquantum=.true. quantum effects are included. No kaverage is possible for the time being.,If yesquantum=.true. quantum effects are included. No kaverage is possible for the time being.,None,"datasminmol.input:

.. code-block:: text

    !yesquantum=.false. ! If true MD with quantum correction to protons within BO and no statistics,
                          # beads define in dynamics section
",None,optimization,"turborvb.x, readforward.x, prep.x",,read_datasmin_124,"read_datas.f90:420, 995, 1599, 1626 -- 1627",
nbead,``integer``,"- if no input

  + ``min(nproc, 16)`` idyn /= 0 and yesquantum is .true.
  + ``-1`` otherwise
","When yesquantum is true, one has to specify the number of beads of the corresponding path integral. The larger this number, the more accurate the Trotter approximation is (error vanishing as 1/nbead^2).","When yesquantum is true, one has to specify the number of beads of the corresponding path integral. The larger this number, the more accurate the Trotter approximation is (error vanishing as 1/nbead^2).",None,"datasminmol.input:

.. code-block:: text

    !nbead=1  ! Number of beads in the quantum path integral case (yesquantum=.true. in optimization section)
",None,optimization,"turborvb.x, readforward.x, prep.x",,read_datasmin_125,"read_datas.f90:419, 995, 1598, 1648 -- 1652",
yeswrite10,``logical``,``.false.``,WIP,None,None,None,None,optimization,"turborvb.x, readforward.x, prep.x",,read_datasmin_126,read_datas.f90:421,
oldscaling,``logical``,"- ``.false.`` if no input

- ignore input

  + ``.true.`` if idyn == 8
",WIP,None,None,None,None,optimization,"turborvb.x, readforward.x, prep.x",,read_datasmin_127,"read_datas.f90:407, 995, 1598, 1626 -- 1638",
srcomplex,``logical``,"- ``.true.`` if no input

- ignore input

  + ``.false.`` ipc == 1
",WIP,None,None,None,None,optimization,"turborvb.x, readforward.x, prep.x",,read_datasmin_128,"read_datas.f90:389, 2251 -- 2254",
power,``real*8``,``1.d0``,WIP,None,None,None,None,optimization,"turborvb.x, readforward.x, prep.x",,read_datasmin_129,read_datas.f90:390,
signalnoise,``logical``,``.false.``,"If signalnoise=.true., one optimizes all the parameters (including atomic positions with ieskin ≠ 0) by following the direction of maximum signal to noise ratio. parr is also effective in this case to regularize the inversion.","If signalnoise=.true., one optimizes all the parameters (including atomic positions with ieskin ≠ 0) by following the direction of maximum signal to noise ratio. parr is also effective in this case to regularize the inversion.",None,None,None,optimization,"turborvb.x, readforward.x, prep.x",,read_datasmin_130,read_datas.f90:425,
gauge_fixing,``logical``,"- no initialize if no input

- ignore input

  + ``.false.`` if itest == 1 or itestr4 == -7
",WIP,None,None,None,None,optimization,"turborvb.x, readforward.x, prep.x",,read_datasmin_131,"read_datas.f90:277, 289",
beta_learning,``real(8)``,``0.d0``,WIP,None,None,None,None,optimization,"turborvb.x, readforward.x, prep.x",,read_datasmin_132,"read_datas.f90:458, 523 -- 530",
noopt_onebody,``logical``,``.false.``,WIP,None,None,None,None,optimization,"turborvb.x, readforward.x, prep.x",,read_datasmin_133,read_datas.f90:426,
scalermax,``logical``,"- no initialize if no input

- ignore input

  + ``.false.`` if itest == 1 or itestr4 == -7",WIP,None,None,None,None,optimization,"turborvb.x, readforward.x, prep.x",,read_datasmin_134,"read_datas.f90:277, 290",
yeswritebead,``logical``,``.false.``,WIP,None,None,None,None,optimization,"turborvb.x, readforward.x, prep.x",,read_datasmin_135,read_datas.f90:423,
yesread10,``logical``,``.false.``,WIP,None,None,None,None,optimization,"turborvb.x, readforward.x, prep.x",,read_datasmin_136,read_datas.f90:422,
change_parr,``logical``,``.false.``,WIP,None,None,None,None,optimization,"turborvb.x, readforward.x, prep.x",,read_datasmin_137,read_datas.f90:427,
parr_max,``real*8``,``1d-1``,WIP,None,None,None,None,optimization,"turborvb.x, readforward.x, prep.x",,read_datasmin_138,read_datas.f90:430,
parr_min,``real*8``,`` 1d-4``,WIP,None,None,None,None,optimization,"turborvb.x, readforward.x, prep.x",,read_datasmin_139,read_datas.f90:429,
delay_changeparr,``integer``,``20``,WIP,None,None,None,None,optimization,"turborvb.x, readforward.x, prep.x",,read_datasmin_140,read_datas.f90:431,
maxiter_changeparr,``integer``,``-1``,WIP,None,None,None,None,optimization,"turborvb.x, readforward.x, prep.x",,read_datasmin_141,read_datas.f90:432,
k6gen,``logical``,automatic(.false.),WIP,None,None,None,None,optimization,"turborvb.x, readforward.x, prep.x",,read_datasmin_142,"read_datas.f90:455, 502 -- 513",
max_ortho,``integer``,``-1``,WIP,None,None,None,None,optimization,"turborvb.x, readforward.x, prep.x",,read_datasmin_143,read_datas.f90:456,
prep,``integer``,automatic(-1 or others),WIP,None,None,None,None,optimization,"turborvb.x, readforward.x, prep.x",,read_datasmin_144,"read_datas.f90:457, 995, 1289 -- 1293",
change_tpar,``logical``,``.false.``,WIP,None,None,None,None,optimization,"turborvb.x, readforward.x, prep.x",,read_datasmin_145,read_datas.f90:439,
inc_tpar_frequency,``integer``,"- ``100`` if no input

- ignore input

  + ``50`` if use_stable_tpar is .true.",WIP,None,None,None,None,optimization,"turborvb.x, readforward.x, prep.x",,read_datasmin_146,"read_datas.f90:444, 479",
use_stable_tpar,``logical``,``.true.``,WIP,None,None,None,None,optimization,"turborvb.x, readforward.x, prep.x",,read_datasmin_147,read_datas.f90:440,
eps_umrigar,``real*8``,"- if parr < 0.d0

  + ``-parr/10.d0`` if no input

- if parr > 0.d0

  + ``0.d0`` if no input
  + ``0.d0`` if eps_umrigar /= 0.d0 (ignore input)",WIP,None,None,None,None,optimization,"turborvb.x, readforward.x, prep.x",,read_datasmin_148,"read_datas.f90:459, 515 -- 522",
yes_adams,``logical``,``.false.``,WIP,None,None,None,None,optimization,"turborvb.x, readforward.x, prep.x",,read_datasmin_149,read_datas.f90:460,
divide_tpar,``real(8)``,``4.0d0``,WIP,None,None,None,None,optimization,"turborvb.x, readforward.x, prep.x",,read_datasmin_150,read_datas.f90:445,
multiply_tpar,``real(8)``,automatic,WIP,None,None,None,None,optimization,"turborvb.x, readforward.x, prep.x",,read_datasmin_151,"read_datas.f90:446, 498 -- 500",
tpar_buffer_len,``integer``,``40``,WIP,None,None,None,None,optimization,"turborvb.x, readforward.x, prep.x",,read_datasmin_152,read_datas.f90:448,
tpar_max,``real(8)``,``1.d0``,WIP,None,None,None,None,optimization,"turborvb.x, readforward.x, prep.x",,read_datasmin_153,read_datas.f90:461,
cut_sigma,``real(8)``,``3.5d0``,WIP,None,None,None,None,optimization,"turborvb.x, readforward.x, prep.x",,read_datasmin_154,read_datas.f90:451,
n_sigmas_tpar,``real(8)``,``5.0d0``,WIP,None,None,None,None,optimization,"turborvb.x, readforward.x, prep.x",,read_datasmin_155,read_datas.f90:452,
len_tpar_stable_list,``integer``,``10``,WIP,None,None,None,None,optimization,"turborvb.x, readforward.x, prep.x",,read_datasmin_156,read_datas.f90:453,
yes_dgelscut,``logical``,``.true.``,WIP,None,None,None,None,optimization,"turborvb.x, readforward.x, prep.x",,read_datasmin_157,read_datas.f90:462,
ncore,``integer``,automatic,WIP,None,None,None,None,readio,"turborvb.x, readforward.x, prep.x",,read_datasmin_158,"read_datas.f90:610, 995, 1203, 1216 -- 1219, 2542,2544, 2549 -- 2581",
np3,``integer``,"- ``0`` if no input

- ignore input or above value

  + if np == -1

    - ``0`` if itestr == -5
    - ``iese + abs(isfix) + 2*(abs(iesinv) + iesm + iesd + abs(iesfree) + abs(iessw) + iesup + iesking) + 3*ieskin`` if itestr /= -5
",WIP,None,None,None,None,readio,"turborvb.x, readforward.x, prep.x",,read_datasmin_159,"read_datas.f90:612, 995, 1269 -- 1287",
np,``integer``,automatic,WIP,None,None,None,None,readio,"turborvb.x, readforward.x, prep.x",,read_datasmin_160,"read_datas.f90:614, 995, 1269 -- 1287, 1764 -- 1773",
iread,``integer``,"- if no input

  + ``6`` if optbra > 3
  + ``0`` if optbra <= 3

- ``3`` if io_level == 2 and iread == 2
","For correlated sampling or measuring correlation functions with readforward, use iread=3.","For correlated sampling or measuring correlation functions with readforward, use iread=3.",None,"datasfn.input:

.. code-block:: text

    iread=0 ! use iread=6 for using readqe.x tool later

datasvmc.input:

.. code-block:: text

    !iread=3 ! 3 for correlated sampling (lot of space disc required)
","readforward.README：

.. code-block:: text

    It is fully compatible with TurboRVB, you need only to run the
    code with the option ``iread=2``.

    !Note: if you run TurboRVB in serial with iread=2, the only datafile
    !produced for postprocessing is fort.12.new (in that case number_files must be set to 1)
    !if you run TurboRVB in parallel with # processor > 1, it writes
    !as many datafile (fort.#) as processors.

    compute_spin2=.true.
    !compute spin^2
    !implemented in compute_spin2.f90
    !development manual in doc/S^2
    !output file spinsquare.dat
    !need iread=2 for TurboRVB in readio section

    correlated_samp=.true.
    ! compute correlated sampling
    ! in this case also the (new, or correlated) wave function file fort.10 is read!!
    ! file written:
    ! corrsampling.dat (energy sampled, correlated energy of fort.10, correlated difference between the two)

    ! note that all possible correlation functions can be switched on at the same time

    ! input new wavefunction ---> fort.10_corr
    ! Only with K sampling the input is in turborvb.scratch/fort.10_XXXXXX
    ! Remember to save the old wf in this case.
    !Make the first run with vmc option itest=2 with the fort.10 wf, and
    !in the readio section of the turborvb input for correlated sampling use
    !iread=3

enerfn.README：

.. code-block:: text

    ``iread`` = 6 ! write all local energies and weights
",readio,"turborvb.x, readforward.x, prep.x",,read_datasmin_161,"read_datas.f90:616, 638 -- 649",
writescratch,``integer``,``1``,Writes binary scratch files on disk to speed up continuation and allow non-self-consistent calculations and post-processing tools. The following files are written:,Writes binary scratch files on disk to speed up continuation and allow non-self-consistent calculations and post-processing tools. The following files are written:,None,"prep.input:

.. code-block:: text

    !writescratch=1  ! = 0 write binary scratch files on disk to speed up continuation
                           and allow non self-consistent calculations and
                     !     post-processing tools. Files written:
                     !     ""tmp000xxx"" = one for each processor. These files contain
                                           the basis/Hamiltonian overlaps matrix elements
                     !                     in the first record. In the second record are
                                           contained the charge/spin densities distributed matrices.
                     !     ""total_densities.sav"" = single file. It contains the total, i.e.
                                                     not distributed over the real space integration
                     !                               grid, charge density in the first record, and the
                                                     total spin density in the second in the case of
                                                     LSDA calculations.
                     !     ""wavefunction.sav"" = single file. It contains the final Kohn-Sham eigenvectors
                                                  for all the bands. If k-points are present, each record
                                                  contains the eigevectors o a single k-point in the order as they
                     !                            appear in the ""occupationlevels.dat"" file.

                     ! = 1 do not write any scratch file on disk. Continuation and non self-consistent calculations will not be possible.

datasminmol.input:

.. code-block:: text

    !writescratch=1 ! Default use RAM, writescratch=0 use discspace defined
                      by 'wherescratch'  in optimization section.

datastest.input:

.. code-block:: text

    !writescratch=0 ! Default use disc space, writescratch=1 use RAM.
",None,readio,"turborvb.x, readforward.x, prep.x",,read_datasmin_162,read_datas.f90:601,
wherescratch,``character(60 + lchlen)``,automatic('./' or 'old'),WIP,None,None,"datasminmol.input:

.. code-block:: text

    !wherescratch='/scratch/sorella/' ! the scratch extension where the
                  turborvb.scratch directory is created (default current directory).

datastest.input:

.. code-block:: text

    !wherescratch='/local_scratch/sorella/'
      ! name of the local scratch where the turborvb.scratch directory is created
        (default current directory).
",None,readio,"turborvb.x, readforward.x, prep.x",,read_datasmin_163,read_datas.f90:603 -- 607,
unreliable,``integer``,``0``,WIP,None,None,None,None,readio,"turborvb.x, readforward.x, prep.x",,read_datasmin_164,read_datas.f90:608,
ifreqdump,``integer``,``1``,WIP,None,None,None,"readforward.README：

.. code-block:: text

    ifreqdump=#

    !with # the number to indicate each generation you write on file
    !(for instance, ifreqdump=1 (default) write always the configuration on file,
    !ifreqdump=2 write every 2 generations
",readio,"turborvb.x, readforward.x, prep.x",,read_datasmin_165,read_datas.f90:618 -- 623,
nowrite12,``logical``,``.false.``,WIP,None,None,None,None,readio,"turborvb.x, readforward.x, prep.x",,read_datasmin_166,read_datas.f90:625,
flush_write,``logical``,automatic(.true. or .false.),WIP,None,None,None,None,readio,"turborvb.x, readforward.x, prep.x",,read_datasmin_167,read_datas.f90:627 -- 631,
ieser,``integer``,"- if no input

  + ``0`` if itestr == -5

  + if itestr /= -5

    - ``6`` itestr == -6 or itestr4 == -7
    - ``1`` otherwise
",WIP,None,None,"datasfn.input:

.. code-block:: text

    !ieser=1 ! Energy
",None,parameters,"turborvb.x, readforward.x, prep.x",,read_datasmin_168,"read_datas.f90:658, 790 -- 820",
iesinv,``integer``,"- ``0`` if no input

- ignore input

  + ``abs(iesinv)`` if iesinv < 0
","Integer (-1, 0 or 1). If \neq 0, the spin Jastrow factor matrix is optimized, if allowed in the input fort.10. If < 0, a range can be defined in the &fitpar section with rmaxinv.","Integer (-1, 0 or 1). If \neq 0, the spin Jastrow factor matrix is optimized, if allowed in the input fort.10. If < 0, a range can be defined in the &fitpar section with rmaxinv.",None,"datasminmol.input:

.. code-block:: text

    iesinv=-1 ! spin Jastrow factor

datastest.input:

.. code-block:: text

    iesinv=1 ! optimize the coefficient matrix (in the local basis) 3-Body spin  Jastrow factor
","None?(zerojasfort10.README:)

.. code-block:: text

    This subroutine allows to set to zero all matrix elements of
    the 3-body Jastrow  factor, the matrix elements corresponding to
    ``iesfree`` (density Jastrow) and ``iesinv`` (spin Jastrow)  in TurboRVB.
",parameters,"turborvb.x, readforward.x, prep.x",,read_datasmin_169,"read_datas.f90:660, 995, 1417 -- 1500",
iesm,``integer``,``0``,"Integer (0 or 1). If \neq 0, the exponent and/or the contracted coefficient of the basis defining the Jastrow are optimized. When itestr4 = -4,-9, only contracted coefficients are optimized if the basis contains them, otherwise yeszj=.true. is switched on and exponents are optimized.","Integer (0 or 1). If \neq 0, the exponent and/or the contracted coefficient of the basis defining the Jastrow are optimized. When itestr4 = -4,-9, only contracted coefficients are optimized if the basis contains them, otherwise yeszj=.true. is switched on and exponents are optimized.","Optimizing exponents of the atomic orbitals (Jastrow part) (INTEGER). 0: fixed, 1: optimized.","datastest.input:

.. code-block:: text

    iesm=1 ! optimize the exponents and (itestr4=-8) /or (itestr4=-4) of  the
           ! contracted or non contracted Jastrow  orbitals
             (the same for spin and density Jastrow).

datasmin.input:

.. code-block:: text

    !iesm=1 ! same as above for the Jastrow basis
              (for uncontracted basis do not use it otherwise the exponents
               will be optimized even with itestrr=-4)
",None,parameters,"turborvb.x, readforward.x, prep.x",,read_datasmin_170,read_datas.f90:661,
iesd,``integer``,``0``,Integer (0 or 1). It acts as a switch for the 1-body and 2-body Jastrow.,Integer (0 or 1). It acts as a switch for the 1-body and 2-body Jastrow.,"Optimizing one-body and two-body Jastrow parameters (INTEGER). 0: fixed, 1: optimized.","datastest.input:

.. code-block:: text

    iesd=1 ! optimize the two body and one body Jastrow

datasmin.input:

.. code-block:: text

    iesd=1 ! optimize the two body and one body Jastrow
",None,parameters,"turborvb.x, readforward.x, prep.x",,read_datasmin_171,read_datas.f90:662,
isfix,``integer``,"- if itestr == -5

  + ``0`` (ignore input)

- if itestr /= -5

  + if no input

    + ``1`` if parcutg == 0
    + if parcutg /= 0

      - ``3`` if gamma /= 0.d0 and optbra /= 3
      - ``1`` otherwise
","Integer (0 or 1). If iesfix = 1, the variance of the energy is printed out (no optimization assumed).","Integer (0 or 1). If iesfix = 1, the variance of the energy is printed out (no optimization assumed).",None,"datasfn.input:

.. code-block:: text

    !isfix=1 ! Variance
",None,parameters,"turborvb.x, readforward.x, prep.x",,read_datasmin_172,"read_datas.f90:659, 790 -- 820",
iesfree,``integer``,"- ``0`` if no input

- ignore input

  + ``abs(iesfree)`` if iesfree < 0","Integer (-1, 0 or 1). If \neq 0, the density Jastrow factor matrix is optimized. If < 0, a range can be defined in the &fitpar section with rmaxj.","Integer (-1, 0 or 1). If \neq 0, the density Jastrow factor matrix is optimized. If < 0, a range can be defined in the &fitpar section with rmaxj.","Optimizing three/four-body Jastrow parameters (INTEGER). 0: fixed, 1: optimized.","datasminmol.input:

.. code-block:: text

    iesfree=-1 ! negative value means the matrix is parametrized the section
                 &fitpar (see below) is requested.
                 See trunk/test/parametrization/README for the input meaning.

datastest.input:

.. code-block:: text

    iesfree=1    ! optimize the coefficient matrix (in the local basis) 3-Body density Jastrow factor

datasmin.input:

.. code-block:: text

    iesfree=1    ! optimize the coefficient matrix (in the local basis) 3-Body density Jastrow factor
","None?(zerojasfort10.README:)

.. code-block:: text

    This subroutine allows to set to zero all matrix elements of
    the 3-body Jastrow  factor, the matrix elements corresponding to
    ``iesfree`` (density Jastrow) and ``iesinv`` (spin Jastrow)  in TurboRVB.
",parameters,"turborvb.x, readforward.x, prep.x",,read_datasmin_173,"read_datas.f90:663, 995, 1417 -- 1500",
iessw,``integer``,"- ``0`` no input

- ignore input

  + ``abs(iessw)`` if iessw < 0
","Integer (-1, 0 or 1). If \neq 0, the AGP matrix on the localized basis is optimized. If < 0, a range can be defined in the &fitpar section with rmax.","Integer (-1, 0 or 1). If \neq 0, the AGP matrix on the localized basis is optimized. If < 0, a range can be defined in the &fitpar section with rmax.","Optimizing coefficients of the antisymmetric (determinant of pfaffian) part (INTEGER). 0: fixed, 1: optimized.","datastest.input:

.. code-block:: text

    iessw=1 ! optimize the coefficient matrix of the AGP

datasmin.input:

.. code-block:: text

    iessw=1 ! optimize the coefficient matrix of the AGP
","datasminmol.README:

.. code-block:: text

    ! You should  parametrize only the short range part of lambda_ij.
    It is not necessary if you do not want (rcut --> infty).
    But in the case rcut-->infty there is no advantage to use
    projection.
",parameters,"turborvb.x, readforward.x, prep.x",,read_datasmin_174,"read_datas.f90:664, 995, 1417 -- 1500",
iesup,``integer``,``0``,"Integer (0 or 1). Same as the above, but for the determinantal part. yeszagp=.true. replaces yeszj in this case.","Integer (0 or 1). Same as the above, but for the determinantal part. yeszagp=.true. replaces yeszj in this case.","Optimizing exponents of the atomic orbitals (the antisymmetric part) and coefficients of hybrid orbitals (INTEGER). 0: fixed, 1: optimized.","datastest.input:

.. code-block:: text

    iesup=1 ! optimize the exponents and (itestr4=-8) /or (itestr4=-4) of  the
            ! contracted or non contracted AGP orbitals.

datasmin.input:

.. code-block:: text

    iesup=1 ! optimize the basis det exponents (with -8) and/or the coefficient of contracted
              (with itestrr=-4 no exponents are optimized, if contractions present)
",None,parameters,"turborvb.x, readforward.x, prep.x",,read_datasmin_175,read_datas.f90:665,
ieskin,``integer``,"- ``0`` if no input

- use input value or above value

  + ``ieskin = ieskin + 1`` if yespress is .true. and iespbc is .true. and itestr /= -5 then

  + use above value if ieskinold /= 0

    - ``ieskin = ieskin + 2`` if typedyncell == 1

    - ``ieskin = ieskin + 3`` if typedyncell == 2

    - ``ieskin = ieskin + 1`` if typedyncell == 3
","Integer (0 or 1). If nuclear forces have to be computed (especially with dynamics idyn > 0), set ieskin > 0.","Integer (0 or 1). If nuclear forces have to be computed (especially with dynamics idyn > 0), set ieskin > 0.",None,"datasminmol.input:

.. code-block:: text

    !ieskin=1 ! if idyn>0 calculation of atomic forces is necessary.

datasfn.input:

.. code-block:: text

    !ieskin=0 ! Flag for calculation of forces
",None,parameters,"turborvb.x, readforward.x, prep.x",,read_datasmin_176,"read_datas.f90:666, 995, 1035 -- 1038, 1203, 1221 -- 1246",
yespress,``logical``,"- ``.false.`` if no input

- ignore input

  + ``.false.`` if iespbc is .false.
  + ``.false.`` if ieskinold == 0
",WIP,None,None,None,None,parameters,"turborvb.x, readforward.x, prep.x",,read_datasmin_177,"read_datas.f90:671, 995, 1014 -- 1032",
warp,``logical``,``.true.``,WIP,None,None,None,None,parameters,"turborvb.x, readforward.x, prep.x",,read_datasmin_178,read_datas.f90:672,
powerwarp,``real*8``,``4.d0``,WIP,None,None,None,None,parameters,"turborvb.x, readforward.x, prep.x",,read_datasmin_179,read_datas.f90:675,
add_pulay,``integer``,``2``,WIP,None,None,None,None,parameters,"turborvb.x, readforward.x, prep.x",,read_datasmin_180,"read_datas.f90:674, 780 -- 787",
yespulay,``logical``,``.true.``,WIP,None,None,None,None,parameters,"turborvb.x, readforward.x, prep.x",,read_datasmin_181,read_datas.f90:673,
typedyncell,``integer``,"automatic (-2, -1, 0, or 3)","Integer value. typedyncell=0 means Standard NVT ensemble with no optimization of cell. typedyncell=1 implies fixed volume, but optimization of b/a and c/a at fixed volume V = a \times b \times c. typedyncell=2 stands for constant pressure, variable volume, optimizing a, b and c at pressfixed = constant. typedyncell=3 represents constant pressure and variable volume but without modifying b/a and c/a.","Integer value. typedyncell=0 means Standard NVT ensemble with no optimization of cell. typedyncell=1 implies fixed volume, but optimization of b/a and c/a at fixed volume V = a \times b \times c. typedyncell=2 stands for constant pressure, variable volume, optimizing a, b and c at pressfixed = constant. typedyncell=3 represents constant pressure and variable volume but without modifying b/a and c/a.",None,None,None,parameters,"turborvb.x, readforward.x, prep.x",,read_datasmin_182,"read_datas.f90:676, 995, 1009 -- 1032, 1203 -- 1207",
scalepulay,``real*8``,"- ``0.d0`` lrdmc_der is .true. and lrdmc_nonodes is .false.
- ``1.d0`` otherwise
",WIP,None,None,"datasfn.input:

.. code-block:: text

    !scalepulay=1 ! If scalepulay<=0 the Pulay term is scaled by |scalepulay|
                    in the warp=.true. case in a consistent way so as to be able
                    to compute the HM contribution scalepulay=0, or the finite
                    variance (maybe) contribution scalepulay=-0.5.
                    NB use always 1 in the last input of forcefn.sh
                    ( e.g. forcefn.sh 100 0 2 1).
",None,parameters,"turborvb.x, readforward.x, prep.x",,read_datasmin_183,read_datas.f90:677 -- 681,
ext_pot,``logical``,``.false.``,WIP,None,None,None,None,parameters,"turborvb.x, readforward.x, prep.x",,read_datasmin_184,read_datas.f90:683 -- 684,
vdw,``logical``,"- ``.false.`` if no input

- ignore input

  + ``.false.`` if exp_pot is .false.
  + ``.true.`` if link_atom is .true.
",WIP,None,None,None,None,parameters,"turborvb.x, readforward.x, prep.x",,read_datasmin_185,"read_datas.f90:685, 733 -- 736, 748",
link_atom,``logical``,"- ``.false.`` if no input

- ignore input

  + ``.false.`` if ext_pot is .false.
  + ``.false.`` if mm_restr is .true.
",WIP,None,None,None,None,parameters,"turborvb.x, readforward.x, prep.x",,read_datasmin_186,"read_datas.f90:686, 733 -- 736, 750",
mm_restr,``logical``,"- ``.false.`` if no input

- ignore input

  + ``.false.`` if link_atom is .true.",WIP,None,None,None,None,parameters,"turborvb.x, readforward.x, prep.x",,read_datasmin_187,"read_datas.f90:688, 749",
write_rwalk,``logical``,``.false.``,WIP,None,None,None,None,parameters,"turborvb.x, readforward.x, prep.x",,read_datasmin_188,read_datas.f90:693,
yes_correct,``logical``,``.true.``,WIP,None,None,None,None,parameters,"turborvb.x, readforward.x, prep.x",,read_datasmin_189,read_datas.f90:667,
yesavopt,``logical``,"- if no input

  + ``.true.`` itestr = -5
  + ``.false.`` itestr /= -5

- ignore input or above value

  + ``.false.`` if nrep_bead > 1 and yesquantum is .true.
  + ``.false.`` if kaverage is .true. and decoupled_run is .false. and molyes is .true. and yesavsr is .true.
  + ``.false.`` (with mol optimiz.)
",WIP,None,None,"datasminmol.input:

.. code-block:: text

    !yesavopt=.false. ! If true all  beads have the same coefficients in the wf's
                        (only ionic centers change)
",None,parameters,"turborvb.x, readforward.x, prep.x",,read_datasmin_190,"read_datas.f90:698 -- 702, 766 -- 774, 2367 -- 2370, 2646, 2677 -- 2680",
yesavsr,``logical``,"- ``.true.`` if no input

- ignore input

  +  ``.true.`` if kaverage is .true. and decoupled_run is .false.
  + ``.false.`` if nrep_bead > 1 and yesquantum is .true.
",WIP,None,None,None,None,parameters,"turborvb.x, readforward.x, prep.x",,read_datasmin_191,"read_datas.f90:695, 766 -- 778, 2357 -- 2360",
yesavcov,``logical``,"- ``.false.`` if no input

- ignore input

  + ``.false.`` if kaverage is .true. and decoupled_run is .false.
",WIP,None,None,"datasminmol.input:

.. code-block:: text

    !yesavcov=.false. ! if true Average the covariance matrix among different beads.
                        The right option is chosen automatically for yesturboq=.true.
                        (the default, in this case has not the same meaning)
",None,parameters,"turborvb.x, readforward.x, prep.x",,read_datasmin_192,"read_datas.f90:696, 2362 -- 2365",
nrep_bead,``integer``,``1``,WIP,None,None,"datasminmol.input:

.. code-block:: text

    !nrep_bead=1 ! If larger than one, ( yesavopt=.false.) groups nrep_bead
                   beads are assumed with the same wavefunction
                   (nrep_bead=nbeads is equivalent to yesavopt=.true.)
",None,parameters,"turborvb.x, readforward.x, prep.x",,read_datasmin_193,read_datas.f90:703,
yesperiodize,``logical``,"- ``.false.`` if no input

- ignore input

  + ``.false.`` if idyn /= 0 and yesquantum is .true. and yesturboq is .true. and yesperiodize is .true.
",WIP,None,None,"datasminmol.input:

.. code-block:: text

    !yesperiodize=.false. ! In the path integral PBC case with idyn=/6 we can
                            also make exact summation on periodic images, usually
                            worth only for very large temperatures and very small
                            boxes for periodic systems (see RMP '95 by D.M. Ceperley).
",None,parameters,"turborvb.x, readforward.x, prep.x",,read_datasmin_194,"read_datas.f90:424, 995, 1598, 1659 -- 1663",
yes_kpoints,``logical``,``.false.``,WIP,None,None,"prep.input:

.. code-block:: text

    !yes_kpoints=.false. ! set to .true. if you plan to do a calculations with
                           k-points sampling. In this case the phase of the wavefunction
                         ! fort.10 is disregarded.
",None,parameters,"turborvb.x, readforward.x, prep.x",,read_datasmin_195,read_datas.f90:704,
epsbas,``real*8``,"- if no input

  + if yes_scemama is .true.

    - ``1.0d-9`` if yesdft is .true.
    - ``1.0d-8`` if yesdft is .false.

  + if yes_scemama is .false.

    - ``1.0d-8`` if yesdft is .true.
    - ``1.0d-7`` if yesdft is .false.
",WIP,None,None,"prep.input:

.. code-block:: text

    !epsbas = 1.0d-8 ! real space cutoff for the periodic basis set (keyword PBC_C in the
                       first record of the wave function fort.10).
                     ! NB: if DFT energy is different from what expected try to decrease the cutoff.
",None,parameters,"turborvb.x, readforward.x, prep.x",,read_datasmin_196,"read_datas.f90:706, 738 -- 747",
yeszj,``logical``,"- if no input

  + ``.true.`` itestr3 == -8 .or. itestr3 == -5
  + ``.false.`` otherwise","Logical value. If yeszj=.true., exponents of the Jastrow basis are optimized if iesm \neq 0 even if itestr4 = -4, -9.","Logical value. If yeszj=.true., exponents of the Jastrow basis are optimized if iesm \neq 0 even if itestr4 = -4, -9.",None,None,None,parameters,"turborvb.x, readforward.x, prep.x",,read_datasmin_197,read_datas.f90:372 -- 379,
yeszagp,``logical``,"- if no input

  + ``.true.`` itestr3 == -8 .or. itestr3 == -5
  + ``.false.`` otherwise
","Logical value. Same as above, but for the determinantal part.","Logical value. Same as above, but for the determinantal part.",None,None,None,parameters,"turborvb.x, readforward.x, prep.x",,read_datasmin_198,read_datas.f90:372 -- 379,
decoupled_run,``logical``,"- if no input

  + ``.false.`` yesdft is .true.
  + yesdft is .false.

    - ``.true.`` itestr /= -5
    - ``.false.`` itestr == -5

- ignore input or above value

  + ``.false.`` if kaverage is .false",WIP,None,None,"prep.input:

.. code-block:: text

    !decoupled_run=.false. ! if .true. the code starts a k-indipendent calculation.
                             When k-points are activated this option allows to perform an indipendent
                             self-consistent cycle for each k-point without performing the k-points average
                           ! of the electronic density. To be used before a twist average calculation in QMC.
",None,parameters,"turborvb.x, readforward.x, prep.x",,read_datasmin_199,read_datas.f90:,
scaleeloc,``real*8``,``-1.d0``,WIP,None,None,None,None,parameters,"turborvb.x, readforward.x, prep.x",,read_datasmin_200,read_datas.f90:682,
cutoff_p,``real(8)``,``9.d0``,WIP,None,None,None,None,parameters,"turborvb.x, readforward.x, prep.x",,read_datasmin_201,read_datas.f90:708 -- 709,
fixa,``logical``,``.false.``,"Logical value. If fixa = .true., a is kept fixed during dynamics.","Logical value. If fixa = .true., a is kept fixed during dynamics.",None,None,None,parameters,"turborvb.x, readforward.x, prep.x",,read_datasmin_202,read_datas.f90:720,
fixb,``logical``,``.false.``,"Logical value. If fixb = .true., b is kept fixed during dynamics.","Logical value. If fixb = .true., b is kept fixed during dynamics.",None,None,None,parameters,"turborvb.x, readforward.x, prep.x",,read_datasmin_203,read_datas.f90:721,
fixc,``logical``,``.false.``,"Logical value. If fixc = .true., c is kept fixed during dynamics.","Logical value. If fixc = .true., c is kept fixed during dynamics.",None,None,None,parameters,"turborvb.x, readforward.x, prep.x",,read_datasmin_204,read_datas.f90:722,
real_contracted,``logical``,``.true.``,"Logical value. For complex wf, if real_contracted=.true., only the real part of the contracted coefficient of the basis is optimized.","Logical value. For complex wf, if real_contracted=.true., only the real part of the contracted coefficient of the basis is optimized.",None,None,None,parameters,"turborvb.x, readforward.x, prep.x",,read_datasmin_205,read_datas.f90:723,
real_agp,``logical``,``.false.``,"Logical value. For complex wf, if real_agp=.true. and iessw=\neq 0, only the real part of the complex agp matrix is optimized. The imaginary part is assumed and set to zero.","Logical value. For complex wf, if real_agp=.true. and iessw=\neq 0, only the real part of the complex agp matrix is optimized. The imaginary part is assumed and set to zero.",None,None,None,parameters,"turborvb.x, readforward.x, prep.x",,read_datasmin_206,read_datas.f90:724,
no_sjbra,``logical``,``.false.``,WIP,None,None,None,None,parameters,"turborvb.x, readforward.x, prep.x",,read_datasmin_207,read_datas.f90:725,
pressfixed,``real*8``,``0.d0``,"Value of the pressure in a.u., for dynamics at fixed pressure. Note: the classical value is not included.","Value of the pressure in a.u., for dynamics at fixed pressure. Note: the classical value is not included.",None,None,None,parameters,"turborvb.x, readforward.x, prep.x",,read_datasmin_208,read_datas.f90:726,
read_molecul,``logical``,``.false.``,WIP,None,None,None,None,parameters,"turborvb.x, readforward.x, prep.x",,read_datasmin_209,read_datas.f90:727,
epsder,``real*8``,``1d-5``,WIP,None,None,None,None,parameters,"turborvb.x, readforward.x, prep.x",,read_datasmin_210,read_datas.f90:728,
yes_scemama,``logical``,``.true.``,WIP,None,None,None,None,parameters,"turborvb.x, readforward.x, prep.x",,read_datasmin_211,read_datas.f90:729,
yes_scemama_open,``logical``,``.false.``,WIP,None,None,None,None,parameters,"turborvb.x, readforward.x, prep.x",,read_datasmin_212,read_datas.f90:730,
rsignr,``real*8``,``0.d0``,WIP,None,None,None,None,unused,"turborvb.x, readforward.x, prep.x",,read_datasmin_213,read_datas.f90:826,
beta,``real*8``,``0.d0``,WIP,None,None,None,None,unused,"turborvb.x, readforward.x, prep.x",,read_datasmin_214,read_datas.f90:828,
testderiv,``integer``,``0``,WIP,None,None,"datastest.input:

.. code-block:: text

    testderiv=3 ! test derivatives orbital used
",None,unused,"turborvb.x, readforward.x, prep.x",,read_datasmin_215,read_datas.f90:828,
calpha,``real*8`` calpha(5),``calpha(:) = 0.d0``,WIP,None,None,None,None,link,"turborvb.x, readforward.x, prep.x",,read_datasmin_216,read_datas.f90:39,
nparinv,``integer``,"- ``0`` if no input

- ignore input

  + ``0`` if iesinv >= 0",WIP,None,None,"datasminmol.input:

.. code-block:: text

    !nparinv=8 ! 8 parameters for spin Jastrow (4  for r^-2  and 4 for r^-3).
",None,fitpar,"turborvb.x, readforward.x, prep.x",,read_datasmin_217,"read_datas.f90:995, 1381, 1417 -- 1500",
initparinv,``integer``,"- ``0`` if no input

- ignore input

  + ``0`` if iesinv >= 0",WIP,None,None,"datasminmol.input:

.. code-block:: text

    !initparinv=-4 ! long range spin Jastrow starting from r^{-2} power.
",None,fitpar,"turborvb.x, readforward.x, prep.x",,read_datasmin_218,"read_datas.f90:995, 1383, 1417 -- 1500",
rmaxinv,``real*8``,"- ``1d-10`` if no input

- ignore input

  + ``0.d0`` if iesinv >= 0
  + ``1d-10`` if rmaxinv <= 0 and iesinv < 0","Real value. If iesinv < 0, then all matrix elements of the spin Jastrow at distance larger than rmaxinv are not optimized. The rule is the same as the ones above for the spin Jastrow.","Real value. If iesinv < 0, then all matrix elements of the spin Jastrow at distance larger than rmaxinv are not optimized. The rule is the same as the ones above for the spin Jastrow.",None,"datasminmol.input:

.. code-block:: text

    rmaxinv=0.d0 ! short range spin part r < = rmaxinv with no parametrization.
",None,fitpar,"turborvb.x, readforward.x, prep.x",,read_datasmin_219,"read_datas.f90:995, 1384, 1417 -- 1500",
npar,``integer``,"- ``0`` if no input

- ignore input

  + ``0`` if iesfree >= 0",WIP,None,None,"datasminmol.input:

.. code-block:: text

    !npar=12 ! 12 parameters for the charge Jastrow (4 log(r), 4 r^-1, 4 r^-2)
",None,fitpar,"turborvb.x, readforward.x, prep.x",,read_datasmin_220,"read_datas.f90:995, 1387, 1417 -- 1500",
initpar,``integer``,"- ``-1`` if no input

- ignore input

  + ``0`` if iesfree >= 0",WIP,None,None,"datasminmol.input:

.. code-block:: text

    !initpar=-2 ! Initial power log(r) for charge Jastrow.
",None,fitpar,"turborvb.x, readforward.x, prep.x",,read_datasmin_221,"read_datas.f90:995, 1389, 1417 -- 1500",
rmaxj,``real*8``,"- ``1d-10`` if no input

- ignore input

  + ``0.d0`` if iesfree >= 0
  + ``1d-10`` if iesfree < 0 and rmaxj <= 0","Real value. If iefree < 0, then all matrix elements of the Jastrow at distance larger than rmaxj are not optimized. rmaxj = 0 has the same meaning as above, implying that only the so-called 3-body Jastrow is optimized.","Real value. If iefree < 0, then all matrix elements of the Jastrow at distance larger than rmaxj are not optimized. rmaxj = 0 has the same meaning as above, implying that only the so-called 3-body Jastrow is optimized.",None,"datasminmol.input:

.. code-block:: text

    rmaxj=0.d0 ! short range charge part r<= rmaxj with no parametrization.
","None?(joinfort10.README:)

.. code-block:: text

    rmaxj join all possible connections for the Jastrow with distance < rmaxj.
",fitpar,"turborvb.x, readforward.x, prep.x",,read_datasmin_222,"read_datas.f90:995, 1391, 1417 -- 1500",
nparsw,``integer``,"- ``0`` if no input

- ignore input

  + ``0`` if iessw >= 0",WIP,None,None,None,None,fitpar,"turborvb.x, readforward.x, prep.x",,read_datasmin_223,"read_datas.f90:995, 1393, 1417 -- 1500",
initparsw,``integer``,"- ``-1`` if no input

- ignore input

  + ``0`` if iessw >= 0",WIP,None,None,None,None,fitpar,"turborvb.x, readforward.x, prep.x",,read_datasmin_224,"read_datas.f90:995, 1395, 1417 -- 1500",
rmax,``real*8``,"- ``1d-10`` if no input

- ignore input

  + ``0.d0`` if iessw >= 0
  + ``1d-10`` if rmax <= 0 and iessw < 0","Real value. If iessw < 0, then all matrix elements of the AGP at distance larger than rmax are not optimized. rmax = 0 implies that no matrix elements connecting different atoms are optimized.","Real value. If iessw < 0, then all matrix elements of the AGP at distance larger than rmax are not optimized. rmax = 0 implies that no matrix elements connecting different atoms are optimized.",None,"datasminmol.input:

.. code-block:: text

    rmax=5.d0 ! optimize only matrix elements < rmax (a.u.) in iessw <0
","None?(joinfort10.README:)

.. code-block:: text

    rmax join all possible connections for the determinant with distance < rmax.
",fitpar,"turborvb.x, readforward.x, prep.x",,read_datasmin_225,"read_datas.f90:995, 1397, 1417 -- 1500",
npower,``integer``,``0``,WIP,None,None,"datasminmol.input:

.. code-block:: text

    npower=3 ! number of powers in the fit for iesfree
",None,fitpar,"turborvb.x, readforward.x, prep.x",,read_datasmin_226,"read_datas.f90:995, 1375",
powermin,``integer``,``0``,WIP,None,None,"datasminmol.input:

.. code-block:: text

    powermin=0 ! minimum power fit iesfree, 0=log(r) n = r^{-n} in the s channel.
",None,fitpar,"turborvb.x, readforward.x, prep.x",,read_datasmin_227,"read_datas.f90:995, 1374",
npowersz,``integer``,``0``,WIP,None,None,"datasminmol.input:

.. code-block:: text

    npowersz=3 ! == as npower iesinv ! belowe is the explicit input
",None,fitpar,"turborvb.x, readforward.x, prep.x",,read_datasmin_228,"read_datas.f90:995, 1377",
powerminsz,``integer``,``0``,WIP,None,None,"datasminmol.input:

.. code-block:: text

    powerminsz=1 ! same as powermin for spin Jastrow iesinv
",None,fitpar,"turborvb.x, readforward.x, prep.x",,read_datasmin_229,"read_datas.f90:995, 1376",
allfit,``logical``,``.true.``,WIP,None,None,"datasminmol.input:

.. code-block:: text

    ! allfit=.true. ! if .false. reduces number of parameters for polyatomic systems within some
                      approximation. default=.true.
",None,fitpar,"turborvb.x, readforward.x, prep.x",,read_datasmin_230,"read_datas.f90:995, 1399",
temp,``real*8``,"- ``0.d0`` if no input

- use input value

  + ``-0.5*temp*kboltz/rydberg`` if temp <= 0.d0
","Real value. The temperature in a.u. If temp < 0, then abs(temp) indicates the temperature in Kelvin. temp = 0 can be used for structural optimization. If the temperature is set to 0 K, it is purely structural optimization.","Real value. The temperature in a.u. If temp < 0, then abs(temp) indicates the temperature in Kelvin. temp = 0 can be used for structural optimization. If the temperature is set to 0 K, it is purely structural optimization.",None,"datasminmol.input:

.. code-block:: text

    !temp=0.0009d0  ! if temp>0, temp is the value of K_B*T, in a.u. ;
                      if temp<0, the absolute value of temp is the Temperature in K
",None,dynamic,"turborvb.x, readforward.x, prep.x",,read_datasmin_231,"read_datas.f90:995, 1564, 1559, 1616",
friction,``real*8``,``0.d0``,"Real value. It is necessary to keep it non-zero in Newtonian dynamics (idyn=4,7,8) but can be set to zero (recommended) for idyn=5 (the recommended dynamics).","Real value. It is necessary to keep it non-zero in Newtonian dynamics (idyn=4,7,8) but can be set to zero (recommended) for idyn=5 (the recommended dynamics).",None,"datasminmol.input:

.. code-block:: text

    !friction=0.3d0 ! constant diagonal value added to friction matrix.
",None,dynamic,"turborvb.x, readforward.x, prep.x",,read_datasmin_232,"read_datas.f90:995, 1581",
delta0,``real*8``,``0.d0``,"Real value. Used with idyn = 5, it is a parameter that can help with convergence in the small time step limit (tion \to 0). It should be set in such a way that the Hessian matrix during the dynamics is well approximated by delta0 \times Covariance matrix. For other dynamics, it represents a multiplicative factor applied to the covariance matrix used to decrease the correlation times. In these cases, delta0 has to be larger than a critical value depending on the time step. However, this is chosen by default.","Real value. Used with idyn = 5, it is a parameter that can help with convergence in the small time step limit (tion \to 0). It should be set in such a way that the Hessian matrix during the dynamics is well approximated by delta0 \times Covariance matrix. For other dynamics, it represents a multiplicative factor applied to the covariance matrix used to decrease the correlation times. In these cases, delta0 has to be larger than a critical value depending on the time step. However, this is chosen by default.",None,"datasminmol.input:

.. code-block:: text

    !delta0=1.0d0 ! unit 1/tion=dt  delta0>=1 for idyn=3 delta0>=2 for idyn=4
",None,dynamic,"turborvb.x, readforward.x, prep.x",,read_datasmin_233,"read_datas.f90:995, 1587",
delta0q,``real*8``,"- if no input

  + ``friction`` if idyn == 7 or idyn == 8
  + ``0.d0`` otherwise",WIP,None,None,"datasminmol.input:

.. code-block:: text

    !delta0q=friction ! for idyn=7 quantum dynamics correspond to 1/tau0 Ceriotti's
                        notations. Default=friction.
",None,dynamic,"turborvb.x, readforward.x, prep.x",,read_datasmin_234,"read_datas.f90:995, 1588, 1598, 1607",
delta0k,``real*8``,"- if no input

  + ``1.d0`` if idyn == 7 or idyn == 8
  + ``0.d0`` otherwise
",WIP,None,None,"datasminmol.input:

.. code-block:: text

    !delta0k=1.d0  ! default for idyn=7 quantum dynamics.
",None,dynamic,"turborvb.x, readforward.x, prep.x",,read_datasmin_235,"read_datas.f90:995, 1589, 1598, 1611 -- 1614",
scalecov,``real*8``,"- ``1.d0`` if no input

- ignore input

  + ``1.d0`` if scalecov <= 0.d0
",WIP,None,None,None,None,dynamic,"turborvb.x, readforward.x, prep.x",,read_datasmin_236,"read_datas.f90:995, 1585, 1598, 1605",
iskipdyn,``integer``,"- if no input or iskipdyn <= 0

  + ``1 + nmore_force - 1`` if nmore_force > 1
  + ``1`` if nmore_force <= 1

- if iskipdyn > 0

  + ``iskipdyn + nmore_force - 1`` if nmore_force > 1
  + ``iskipdyn`` if nmore_force <= 1","Integer value. After iskipdyn times nweight MC steps, check if dev_mat < maxdev_dyn.","Integer value. After iskipdyn times nweight MC steps, check if dev_mat < maxdev_dyn.",None,"datasminmol.input:

.. code-block:: text

    !iskipdyn=6  ! Each 6 steps make a dynamic move.
",None,dynamic,"turborvb.x, readforward.x, prep.x",,read_datasmin_237,"read_datas.f90:995, 1584, 1598, 1675 -- 1676",
maxdev_dyn,``real*8``,``0.d0``,"Real value. After each WF optimization, it is the maximum value of dev max accepted for an ion move. Deprecated.","Real value. After each WF optimization, it is the maximum value of dev max accepted for an ion move. Deprecated.",None,None,None,dynamic,"turborvb.x, readforward.x, prep.x",,read_datasmin_238,"read_datas.f90:995, 1580",
stepcg_recount,``logical``,``.false.``,WIP,None,None,None,None,dynamic,"turborvb.x, readforward.x, prep.x",,read_datasmin_239,"read_datas.f90:995, 1582",
write_cov,``logical``,``.false.``,WIP,None,None,None,None,dynamic,"turborvb.x, readforward.x, prep.x",,read_datasmin_240,"read_datas.f90:995, 1583",
normcorr,``real*8``,``1.d0``,"Real value. If non-zero and equal to one, it applies the noise correction to reduce the bias implied by the statistical evaluation of forces. In theory it should work, but in practice, it has little effects. So it is recommended to set to zero.","Real value. If non-zero and equal to one, it applies the noise correction to reduce the bias implied by the statistical evaluation of forces. In theory it should work, but in practice, it has little effects. So it is recommended to set to zero.",None,None,None,dynamic,"turborvb.x, readforward.x, prep.x",,read_datasmin_241,"read_datas.f90:995, 1579",
yesturboq,``logical``,"- if no input

  + ``.true.`` if yesquantum is .true.
  + ``.false.`` if yesquantum is .false.

- ignore input or above value

  + ``.true.`` if idyn == 8 and nbread > 1
",WIP,None,None,"datasminmol.input:

.. code-block:: text

    !yesturboq=.true. ! If true a more efficient algorithm is used (yesperiodize=.false.)
                        allowing larger tion
",None,dynamic,"turborvb.x, readforward.x, prep.x",,read_datasmin_242,"read_datas.f90:995, 1563 -- 1571, 1598, 1626 -- 1628",
yessecond,``logical``,"- if no input

  + ``.true.`` if yesquantum is .true.
  + ``.false.`` if yesquantum is .false.

- ignore input  or above value

  + ``.true.`` if idyn == 8",WIP,None,None,"datasminmol.input:

.. code-block:: text

    !yessecond=.true. ! If true idyn=3/6/7 gives an error proportional to tion^2 (tion-->0) instead of linear in tion,
                        yesturboq=.true. and yessecond=.true. should be the optimal method (default).
",None,dynamic,"turborvb.x, readforward.x, prep.x",,read_datasmin_243,"read_datas.f90:995, 1563 -- 1571, 1598, 1626 -- 1634",
smoothcut,``real*8``,``0.d0``,WIP,None,None,"datasdyn.input:

.. code-block:: text

    smoothcut=0.9d0 ! smooth cutoff multiply by 0.9 the ones outside rmax,rmaxj
",None,dynamic,"turborvb.x, readforward.x, prep.x",,read_datasmin_244,"read_datas.f90:995, 1590",
killcut,``logical``,``.false.``,WIP,None,None,None,None,dynamic,"turborvb.x, readforward.x, prep.x",,read_datasmin_245,"read_datas.f90:995, 1591",
scale_mass,``real*8``,``1.d0``,WIP,None,None,None,None,dynamic,"turborvb.x, readforward.x, prep.x",,read_datasmin_246,"read_datas.f90:995, 1592",
eqcellab,``logical``,``.false.``,WIP,None,None,None,None,dynamic,"turborvb.x, readforward.x, prep.x",,read_datasmin_247,"read_datas.f90:995, 1594, 1715 --- 1724",
eqcellac,``logical``,"- ``.false.`` if no input

- ignore input

  + ``.false.`` if eqcellab is .false.
  + ``.false.`` if eqcellbc is .false.
",WIP,None,None,None,None,dynamic,"turborvb.x, readforward.x, prep.x",,read_datasmin_248,"read_datas.f90:995, 1595, 1715 --- 1724",
eqcellbc,``logical``,"- ``.false.`` if no input

- ignore input

  + ``.false.`` is eqcellab is .true.
",WIP,None,None,None,None,dynamic,"turborvb.x, readforward.x, prep.x",,read_datasmin_249,"read_datas.f90:995, 1596, 1715 --- 1724",
yesrootc,``logical``,``.false.``,WIP,None,None,None,None,dynamic,"turborvb.x, readforward.x, prep.x",,read_datasmin_250,"read_datas.f90:995, 1572",
addrognoso,``logical``,"- if no input

  + ``.true.`` if idyn == 5
  + ``.false.`` if idyn /= 5
",Logical value. With idyn = 5 it has to be set to .true. in order to eliminate the bias in describing the canonical ensemble for tion \to 0.,Logical value. With idyn = 5 it has to be set to .true. in order to eliminate the bias in describing the canonical ensemble for tion \to 0.,None,None,None,dynamic,"turborvb.x, readforward.x, prep.x",,read_datasmin_251,"read_datas.f90:995, 1574 -- 1578",
cleanrognoso,``logical``,``.false.``,WIP,None,None,None,None,dynamic,"turborvb.x, readforward.x, prep.x",,read_datasmin_252,"read_datas.f90:995, 1573",
kp_type,"``integer``
",``0``,"- description(DFT):

This integer specifies the type of k-points which will be chosen in the calculation.

   - ``kp_type = 0``: Do not perform any k-points sampling and use the phase specified in the ``fort.10`` as the unique k-point.

   - ``kp_type = 1``: Use the Monkhorst-Pack algorithm to generate equally-spaced k-points in the first Brillouin zone. The size of the grid in the three Cartesian directions is determined by the integers ``nk1, nk2, nk3``. Note that ``nk1`` must be set to a value > 0. If ``nk2, nk3`` are not set, then they are taken to be equal to ``nk1``. Also, if skip_equivalence (see below) is set to ``.false.`` the number of k-points might be reduced.
                   In this case, run the tool ``find_kpoints.x`` with the desired input in order to know how many processors must be allocated.

   - ``kp_type = 2``: When this is used, k-points are set by the user and their number is specified by the integer ``nk1``. In this case, the section **KPOINTS** is needed (see below).

   - ``kp_type = 3``: Generates k-points path along high-symmetry lines in the first Brillouin zone. The initial and final points of these segments are specified in the section **KPOINTS** (see below). The number of extremal points is specified by the integer ``nk1`` and the number of points in each segment is specified by the integer ``nk2``.

   - ``kp_type = 4``: Generate k-points randomly within the first Brillouin zone. The number of k-points is specified by ``nk1``. **KPOINTS** section is not needed.
","- description(DFT):

This integer specifies the type of k-points which will be chosen in the calculation.

   - ``kp_type = 0``: Do not perform any k-points sampling and use the phase specified in the ``fort.10`` as the unique k-point.

   - ``kp_type = 1``: Use the Monkhorst-Pack algorithm to generate equally-spaced k-points in the first Brillouin zone. The size of the grid in the three Cartesian directions is determined by the integers ``nk1, nk2, nk3``. Note that ``nk1`` must be set to a value > 0. If ``nk2, nk3`` are not set, then they are taken to be equal to ``nk1``. Also, if skip_equivalence (see below) is set to ``.false.`` the number of k-points might be reduced.
                   In this case, run the tool ``find_kpoints.x`` with the desired input in order to know how many processors must be allocated.

   - ``kp_type = 2``: When this is used, k-points are set by the user and their number is specified by the integer ``nk1``. In this case, the section **KPOINTS** is needed (see below).

   - ``kp_type = 3``: Generates k-points path along high-symmetry lines in the first Brillouin zone. The initial and final points of these segments are specified in the section **KPOINTS** (see below). The number of extremal points is specified by the integer ``nk1`` and the number of points in each segment is specified by the integer ``nk2``.

   - ``kp_type = 4``: Generate k-points randomly within the first Brillouin zone. The number of k-points is specified by ``nk1``. **KPOINTS** section is not needed.
",None,"prep.input:

.. code-block:: text

    kp_type=0 ! This integer specify the type of k-points which will be chosen in the calculation.
              ! = 0 do not perform any k-points sampling and use the phase specified
                    in the fort.10 as the unique k-point.
              ! = 1 use the Monkhorst-Pack algorithm to generate equally-spaced k-points in the
                    first Brillouin zone. The size of the grid in the three carthesian directions
                    is determined by the integer nk1,nk2,nk3.
              !     NB: nk1 must be set to a value > 0. If nk2,nk3 are not set, then they are taken
                        equal to nk1.
              !     NB2: if skip_equivalence (see below) is set to .false. the number of k-points might be reduced.
                         In this case run the tool find_kpoints.x with the desired input in order to know how many
                         processors must be allocated.
              ! = 2 k-points are set from the user and their number is specified by the integer nk1.
                    In this case the section ""KPOINTS"" is needed (see below).
              ! = 3 generates k-points path along high-symmetry lines in the first Brillouin. The initial and
                    final points of these segments are specified in the section ""KPOINTS"" (see below).
                    The number of extremal points is specified by the integer nk1
              !     and the number of points per each segment in specified by the integer nk2.
              ! = 4 generate k-points randomly withiin the first Brillouin zone. The number of k-points is
                    specified by nk1. No section KPOINTS is needed.,
",None,kpoints,"turborvb.x, readforward.x, prep.x",,read_datasmin_253,read_datas.f90:1778,
nk1,``integer``,``-1``,"Meanings depend on the value of kp_type, see above for a detailed explanation.","Meanings depend on the value of kp_type, see above for a detailed explanation.",None,"prep.input:

.. code-block:: text

    nk1=2 ! its meaning depends on the value of kp_type, see above for a detailed explanation.
","prep.README:

.. code-block:: text

    total of 4 lines in the 1BZ
",kpoints,"turborvb.x, readforward.x, prep.x",,read_datasmin_254,read_datas.f90:1783,
nk2,``integer``,"- if no input

  + ``nk1`` if manyfort10 is .true. and nbead <= 1
  + ``-1`` otherwise
","Meanings depend on the value of kp_type, see above for a detailed explanation.","Meanings depend on the value of kp_type, see above for a detailed explanation.",None,None,"prep.README:

.. code-block:: text

    30 points for each segment
",kpoints,"turborvb.x, readforward.x, prep.x",,read_datasmin_255,"read_datas.f90:1784, 1804, 1806, 1809, 1815",
nk3,``integer``,"- if no input

  + ``nk1`` if manyfort10 is .true. and nbread <= 1
  + ``-1`` otherwise
","Meanings depend on the value of kp_type, see above for a detailed explanation.","Meanings depend on the value of kp_type, see above for a detailed explanation.",None,None,"prep.README:

.. code-block:: text

    nk1=5  ! total of 4 lines in the 1BZ
",kpoints,"turborvb.x, readforward.x, prep.x",,read_datasmin_256,"read_datas.f90:1785, 1804, 1806, 1809, 1816",
k1,``integer``,``0``,"For kp_type = 1, set k1, k2, k3 equal to 1 in order to apply an offset to the k-point grid generated by the Monkhorst-Pack algorithm. In some cases, this can help to reach","For kp_type = 1, set k1, k2, k3 equal to 1 in order to apply an offset to the k-point grid generated by the Monkhorst-Pack algorithm. In some cases, this can help to reach",None,"prep.input:

.. code-block:: text

    !k1=0  ! if kp_type=1 set k1,k2,k3 to 1 in order to apply an offset to the k-point grid generated
             by the Monkhorst-Pack algorithm.
           ! In some cases it can help to reach the convergence to the thermodynamic limit with a
             smaller number of k-points.
",None,kpoints,"turborvb.x, readforward.x, prep.x",,read_datasmin_257,read_datas.f90:1779,
k2,``integer``,``0``,"For kp_type = 1, set k1, k2, k3 equal to 1 in order to apply an offset to the k-point grid generated by the Monkhorst-Pack algorithm. In some cases, this can help to reach","For kp_type = 1, set k1, k2, k3 equal to 1 in order to apply an offset to the k-point grid generated by the Monkhorst-Pack algorithm. In some cases, this can help to reach",None,None,None,kpoints,"turborvb.x, readforward.x, prep.x",,read_datasmin_258,read_datas.f90:1780,
k3,``integer``,``0``,"For kp_type = 1, set k1, k2, k3 equal to 1 in order to apply an offset to the k-point grid generated by the Monkhorst-Pack algorithm. In some cases, this can help to reach","For kp_type = 1, set k1, k2, k3 equal to 1 in order to apply an offset to the k-point grid generated by the Monkhorst-Pack algorithm. In some cases, this can help to reach",None,None,None,kpoints,"turborvb.x, readforward.x, prep.x",,read_datasmin_259,read_datas.f90:1781,
time_reversal,"``logical``
",``.false.``,WIP,None,None,"prep.input:

.. code-block:: text

    ! time_reversal=.false.   ! exploit time reversal symmetry to furtherly reduce the number of k-points.
",None,kpoints,"turborvb.x, readforward.x, prep.x",,read_datasmin_260,read_datas.f90:1786,
skip_equivalence,"``logical``
",``.true.``,WIP,None,None,"prep.input:

.. code-block:: text

    !skip_equivalence=.false. ! if set to .true. do not reduce the number of k-points depending on the Bravais
                                lattice symmetries.
                              ! NB: run the tool find_kpoints.f90 to know exactly how many k-points will be
                                involved in the calculation when this option is set to .false. (default)
",None,kpoints,"turborvb.x, readforward.x, prep.x",,read_datasmin_261,read_datas.f90:1787,
double_kpgrid,"``logical``
","- ``.false.`` if no input

- ignore input

  + ``.true.`` if manyfort10 is .true. and nbead <= 1 and abs(kp_type) == 5",WIP,None,None,"prep.input:

.. code-block:: text

    ! double_kpgrid=.false.
      ! Case kp_type = 1 -> if .true. the code creates two k-points grid: one for the spin up electrons and
      !                another one for the spin down electrons with the following relation: xkp_down(:) = -xkp_up(:)
      ! Case kp_type = 2/3 if .true. reads, in the ""KPOINTS"" section below, the k-points for the spin up electrons and the
      !                ones for the spin down electrons separated by a dummy line (see example below).
",None,kpoints,"turborvb.x, readforward.x, prep.x",,read_datasmin_262,"read_datas.f90:1788, 1804, 1806, 1809, 1818 -- 1819, 1870 -- 1872",
compute_bands,``logical``,``.false.``,WIP,None,None,"prep.input:

.. code-block:: text

    compute_bands=.false. ! put this flag to .true. if you want to perform non self-consistent calculations for band structure.
                            It must be performed after a self-consistent run with the same molecular orbital real-space mesh.
",None,kpoints,"turborvb.x, readforward.x, prep.x",,read_datasmin_263,read_datas.f90:77,
KPOINTS,WIP,Required for a calculation with a k-grid.,"User-defined k-points are written in the following manner. wkp(i) denotes the weight corresponding to the kpoint xkp(:,i) if the total weight is different from one.:","User-defined k-points are written in the following manner. wkp(i) denotes the weight corresponding to the kpoint xkp(:,i) if the total weight is different from one.:",None,"prep.input:

.. code-block:: text

    ! User-defined k-points. wkp(i) is the weight corresponding to the the kpoint xkp(:,i).
    ! NB: if the total weight is different from on
    ! xkp(1,1) xkp(2,1) xkp(3,1) wkp(1)
    ! xkp(1,2) xkp(2,2) xkp(3,2) wkp(2)
    ! ......
    KPOINTS
    0.1667 0.1667 0.5000  0.5
    0.5000 0.5000 0.5000  0.5
    # blank line and after k-points for spin down electrons
    -0.1667 -0.1667 -0.5000  0.5
    -0.5000 -0.5000 -0.5000  0.5
",None,KPOINTS_lines,"turborvb.x, readforward.x, prep.x",,read_datasmin_264,WIP,
epsdgm,``real*8``,``1d-14``,WIP,None,None,None,None,molecul,"turborvb.x, prep.x",,read_datasmin_mol01,read_datas.f90:2648,
nx,``integer``,"``0`` (error, input required)","Number of lattice points for the real space integration grid in the x direction. By default, nx = ny = nz","Number of lattice points for the real space integration grid in the x direction. By default, nx = ny = nz",None,"prep.input:

nx=200    ! # of lattice points for the real space integratio grid in the direction x. Default ny=nz=nx
","datasminmol.README:

nx=40          ! default ny=nx nz=ny `
",molecul,"turborvb.x, prep.x",,read_datasmin_mol02,read_datas.f90:2655,
ny,``integer``,- ``nx`` if no input,WIP,None,None,"datasminmol.input:

! ny=80         ! default ny=nx
",None,molecul,"turborvb.x, prep.x",,read_datasmin_mol03,"read_datas.f90:2643, 2656, 2701 -- 2704",
nz,``integer``,- ``ny`` if no input,WIP,None,None,"datasminmol.input:

! nz=80         ! default nz=ny
",None,molecul,"turborvb.x, prep.x",,read_datasmin_mol04,read_datas.f90:2705 -- 2708,
nbufd,``integer``,automatic,"Input value for the buffer dimension. Note that, in the complex code, the buffer dimension is automatically doubled. In this case, consider decreasing the buffer dimension if you have a memory problem.","Input value for the buffer dimension. Note that, in the complex code, the buffer dimension is automatically doubled. In this case, consider decreasing the buffer dimension if you have a memory problem.",None,"prep.input:

.. code-block:: text

    !nbufd=1000  ! Input value for the buffer dimension. Default=1000.
                 ! NB: in the complex code the buffer dimension is automatically doubled; in this case think to decrease the buffer dimension
                 ! if you have memory problems.
","datasminmol.README:

nbufd=10000    ! buffer default
",molecul,"turborvb.x, prep.x",,read_datasmin_mol05,read_datas.f90:2765 -- 2778,
ax,``real*8``,"- if no input

  + ``0.d0``

- ignore input

  + ``cellscale(1)/nx`` if iespbc is .true.

","Space (a.u.) for an open system in the x direction; for periodic systems, it is chosen as the cell parameter in the same direction and need not be specified. By default, ax = ay = az","Space (a.u.) for an open system in the x direction; for periodic systems, it is chosen as the cell parameter in the same direction and need not be specified. By default, ax = ay = az",None,"datasminmol.input:

ax=0.1          ! necessary only for open systems.

prep.input:

.. code-block:: fortran

    ax=0.1    ! Lattice space ax (a.u.) for Open system in the x direction; for periodic systems it is chosen as the cell parameter
              ! in the same direction and need not to be specified. Default ax=ay=az.
",None,molecul,"turborvb.x, prep.x",,read_datasmin_mol06,"read_datas.f90:2658, 2825 -- 2826",
ay,``real*8``,"- if no input

  + ``ax``

- ignore input

  + ``cellscale(2)/ny`` if iespbc is .true.

",WIP,None,None,None,None,molecul,"turborvb.x, prep.x",,read_datasmin_mol07,"read_datas.f90:2709 -- 2713, 2825 -- 2827",
az,``real*8``,"- if no input

  + ``ay``

-  ignore input

  + ``cellscale(3)/nz`` if iespbc is .true.

",WIP,None,None,None,None,molecul,"turborvb.x, prep.x",,read_datasmin_mol08,"read_datas.f90:2709 -- 2718, 2825 -- 2828",
nmolmin,``integer``,- ``neldo`` if no input,WIP,None,None,"datasminmol.input:

.. code-block:: text

    nmolmin=128     ! the largest |eigenvalues| of the AGP are set to one up to
                    ! nmolmin and the other rescaled to the minimum eigenvalue
                    ! set to one.
","datasminmol.README:

.. code-block:: text

    nmolmin=8    !  ==    the first nmolmin molecular eigenvalue are set to one
                        e.g. if nmolmin=nmolmax=Nel/2  a perfect Slater determinant is
                        projected

    nmolmin= # core molecular orbitals, their  eigenvalues alpha_m
                   in the AGP expansion is fixed to 1.
",molecul,"turborvb.x, prep.x",,read_datasmin_mol09,read_datas.f90:2725 -- 2728,
smearing,``real*8``,``1d-5``,WIP,None,None,None,,molecul,"turborvb.x, prep.x",,read_datasmin_mol10,read_datas.f90:2649,
nmolmax,``integer``,"- if no input

  + ``nmol`` if ``neldo == 0``
  + ``neldo`` otherwise

- error if nmolmax < neldo
",WIP,None,None,"datasminmol.input:

.. code-block:: text

    nmolmax=128     ! the maximum number of molecular orbitals considered <= nmol
                      in the projection scheme. After each projection
                      the determinant has only nmolmax non zero eigenvalues.
","datasminmol.README:

.. code-block:: text

    nmolmax=8    !  ==          used in projection (default nmolmax=nmol)

    nmolmax= # nmolmax <= nmol (suggested nmolmax=nmol), for all
                 nmolmax >=  ""molecular orbital index m""   > nmolmin
                 the eigenvalue is set to--->  alpha_m/alpha_nmolmin
                 For all the others such that  nmol>= m> nmolmax alpha_m=0.
",molecul,"turborvb.x, prep.x",,read_datasmin_mol11,"read_datas.f90:2652, 2729 -- 2732, 2745 -- 2748",
weight_loc,``real*8``,"- ``-1.d0`` if no input

- if weight_loc == 0

  + ``epsdgm**2`` if epsdgm == 0.d0
  + ``1d-8`` if epsdgm /= 0.d0
",WIP,None,None,None,None,molecul,"turborvb.x, prep.x",,read_datasmin_mol12,"read_datas.f90:2661, 2736 -- 2743",
orthoyes,``logical``,"- if no input

  + ``.true.``

- ignore input

  + ``.true.`` if gramyes is .true.",WIP,None,None,None,None,molecul,"turborvb.x, prep.x",,read_datasmin_mol13,"read_datas.f90:2662, 2820 -- 2824",
epsrem_contr,``real*8``,``epsdgel``,WIP,None,None,"datasminmol.input:

.. code-block:: text

    ! epsrem_contr=epsdgel ! with molopt=4 remove the contracted orbitals with Norm
                             < epsrem_contr after projection.
                             epsrem_contr<0 no elimination.
",None,molecul,"turborvb.x, prep.x",,read_datasmin_mol14,read_datas.f90:2670,
nmolmaxw,``integer``,"- ``nmolmax`` if no input
",WIP,None,None,None,None,molecul,"turborvb.x, prep.x",,read_datasmin_mol15,"read_datas.f90:2653, 2750 -- 2753",
gramyes,``logical``,``.true.``,WIP,None,None,None,None,molecul,"turborvb.x, prep.x",,read_datasmin_mol16,read_datas.f90:2663,
add_onebody2det,``logical``,"- if no input

  + ``.false.`` npsar > 0
  + ``.true.`` npsar <= 0",WIP,None,None,None,None,molecul,"turborvb.x, prep.x",,read_datasmin_mol17,read_datas.f90:2665 -- 2669,
shift_origin,``logical``,``.true.``,WIP,None,None,None,None,molecul,"turborvb.x, prep.x",,read_datasmin_mol18,read_datas.f90:2671,
shiftx,``logical``,``.false.``,WIP,None,None,None,None,molecul,"turborvb.x, prep.x",,read_datasmin_mol19,read_datas.f90:2672,
shifty,``logical``,``.false.``,WIP,None,None,None,None,molecul,"turborvb.x, prep.x",,read_datasmin_mol20,read_datas.f90:2673,
shiftz,``logical``,``.false.``,WIP,None,None,None,None,molecul,"turborvb.x, prep.x",,read_datasmin_mol21,read_datas.f90:2674,
nbufd,``integer``,"- if no input

  + ``1000`` if nelorb < 2000
  + ``100`` if nelorb >= 2000
",WIP,None,None,"ax=0.1         ! lattice mesh on the x direction, not used for PBC.",None,mesh_info,orthomol.x,,orthomol_01,``integer``,
nx,``integer``,- error if no input,WIP,None,None,nx=20          ! number of mesh point in the direction x to evaluate overlaps,None,mesh_info,orthomol.x,,orthomol_02,``integer``,
ny,``integer``,``nx``,WIP,None,None,!ny=40         ! default ny=nx,None,mesh_info,orthomol.x,,orthomol_03,``integer``,
nz,``integer``,``ny``,WIP,None,None,!nz=40         ! default nz=ny,None,mesh_info,orthomol.x,,orthomol_04,``integer``,
ax,``real*8``,"- if no input

  + ``0.1d0`` if iespbc is .false.

- ignore input

  + ``cellscale(1)/nx`` if iespbc is .true.",WIP,None,None,"ax=0.1         ! lattice mesh on the x direction, not used for PBC.",None,mesh_info,orthomol.x,,orthomol_05,``real*8``,
ay,``real*8``,"- if no input

  + ``ax`` if iespbc is .false.

- ignore input

  + ``cellscale(2)/ny`` if iespbc is .true.
",WIP,None,None,None,None,mesh_info,orthomol.x,,orthomol_06,``real*8``,
az,``real*8``,"- if no input

  + ``ay`` if iespbc is .false.

- ignore input

  + ``cellscale(3)/nz`` if iespbc is .true.",WIP,None,None,None,None,mesh_info,orthomol.x,,orthomol_07,``real*8``,
shift_origin,``logical``,``.true.``,WIP,None,None,None,None,mesh_info,orthomol.x,,orthomol_08,``logical``,
shiftx,``logical``,``.false.``,WIP,None,None,None,None,mesh_info,orthomol.x,,orthomol_09,``logical``,
shifty,``logical``,``.false.``,WIP,None,None,None,None,mesh_info,orthomol.x,,orthomol_10,``logical``,
shiftz,``logical``,``.false.``,WIP,None,None,None,None,mesh_info,orthomol.x,,orthomol_11,``logical``,
nummol,``integer``,- error if no input,WIP,None,None,"nummol=-4    !  - Number of molecular orbital to be orthogonalized, negative                  number means relative index (from \|1\| to #molecular) positive                   index means absolute index from nelorb_c-#molecular+1 to nelorb_c",None,molec_info,orthomol.x,,orthomol_12,``integer``,
wehremol,"``integer, allocatable, dimension(:) :: wheremol``","- read wheremol(1:nummol) if nummol > 0
- ``wheremol(1:abs(nummol)) = nelorb_c - molecular`` if nummol < 0
",WIP,None,None,257 258 259 260  ! the list of molecular orbitals to be orthogonalized.,None,wheremol_array,orthomol.x,,orthomol_13,"``integer, allocatable, dimension(:) :: wheremol``",